"id","season","year","location","students"
108,"Winter",2026,2,"[2077,2078,2079,2080,2081,2082,2083,2084,2085,2086,2087,2088,2089,2090,2091]"
109,"Spring",2026,1,"[2092,2093,2094,2095,2096,2097,2098,2099,2100,2101,2102,2103,2104,2105,2106,2107,2108,2109,2110,2111,2112,2113,2115,2116,2117,2118]"
105,"Spring",2025,1,"[2012,2013,2015,2016,2017,2018,2019,2020,2021,2022,2023,2024,2025,2026,2027,2028,2029,2030,2031,2032,2033,2034,2035,2036]"
104,"Winter",2025,2,"[1995,1996,1997,1998,1999,2000,2001,2002,2003,2004,2005,2007,2008,2009,2010]"
107,"Fall",2025,1,"[2050,2051,2052,2053,2054,2055,2056,2057,2058,2059,2060,2061,2062,2063,2064,2065,2066,2067,2069,2070,2071,2072,2073,2074,2075,2076]"
106,"Summer",2025,2,"[2037,2038,2039,2040,2041,2042,2043,2044,2045,2046,2047,2048,2049]"
102,"Summer",2024,2,"[1934,1935,1936,1937,1938,1939,1940,1941,1942,1943,1944,1945,1946,1947,1948,1949,1950,1951,1952]"
103,"Fall",2024,1,"[1953,1954,1955,1956,1957,1958,1959,1960,1961,1962,1963,1964,1965,1966,1967,1968,1969,1970,1971,1972,1973,1974,1975,1976,1977,1978]"
96,"Spring",2024,1,"[1269,1270,1271,1272,1273,1274,1275,1276,1277,1278,1279,1280,1281,1282,1283,1284,1286,1287,1288,1289,1290,1291,1292,1293,1294]"
94,"Fall",2023,1,"[904,916,917,918,919,921,922,923,925,928,929,930,932,934,936,969,970,972,976,987,1010,1109,1122]"
95,"Summer",2023,2,"[1979,1980,1981,1982,1983,1984,1985,1986,1987,1988,1989,1990,1991,1992,1993,1994]"
93,"Spring",2023,1,"[865,978,980,994,997,1001,1007,1009,1028,1035,1036,1037,1038,1039,1040,1042,1200,1208,1211,1212,1213,1215,1216,1217,1219]"
92,"Fall",2022,1,"[704,721,722,723,724,726,727,728,729,731,732,733,735,853,872,882,883,885,887,905,910,924,931,944,967]"
91,"Spring",2022,1,"[725,755,804,825,836,838,842,845,846,850,851,852,859,861,866,888,892,913,1021,1053,1191,1194,1201,1204,1206,1207]"
90,"Fall",2021,1,"[849,857,860,867,938,950,952,1041,1046,1058,1062,1063,1069,1071,1076,1087,1092,1093,1098,1099,1102,1113,1128,1228,1234]"
89,"Spring",2021,1,"[695,848,875,879,893,951,964,982,988,999,1050,1051,1059,1061,1084,1096,1100,1108,1132,1145,1166,1177,1180,1186,1224,1229]"
87,"Spring",2020,1,"[961,977,979,984,1000,1012,1067,1070,1077,1085,1089,1101,1110,1115,1118,1126,1130,1136,1143,1196,1203,1225,1233,1237,1243,1256]"
88,"Fall",2020,1,"[947,958,1044,1052,1064,1074,1081,1082,1083,1090,1095,1103,1112,1137,1139,1140,1147,1163,1170,1172,1175,1178,1188,1197,1221,1222]"
86,"Fall",2019,1,"[983,989,990,995,1025,1043,1049,1056,1065,1072,1117,1119,1134,1138,1155,1160,1185,1189,1198,1210,1220,1223,1232,1245,1250,1254]"
85,"Spring",2019,1,"[1027,1055,1066,1075,1104,1107,1123,1133,1141,1142,1149,1151,1153,1157,1199,1226,1235,1239,1247,1257,1258,1260,1262,1263,1264,1266]"
83,"Spring",2018,1,"[757,793,813,874,880,900,908,920,933,948,949,954,956,962,974,1008,1011,1013,1020,1024,1026,1054,1068,1267]"
84,"Fall",2018,1,"[698,737,740,746,749,758,766,767,798,812,814,830,833,847,854,855,863,873,876,878,884,891,898,935,960,963]"
82,"Fall",2017,1,"[730,734,743,745,747,750,751,752,754,756,871,973,981,993,1002,1015,1019,1086,1088,1091,1094,1097,1105,1156,1159]"
81,"Spring",2017,1,"[744,762,763,764,765,770,771,772,782,785,786,787,790,792,796,807,815,816,819,820,841,843,844,858,1161]"
80,"Fall",2016,1,"[761,769,776,777,778,779,780,781,783,788,791,794,795,802,805,808,811,823,824,826,828,831,835,837,839,864]"
79,"Spring",2016,1,"[736,759,760,768,773,774,775,809,817,818,821,822,827,834,840,856,868,886,890,912,926,927,939,945,1017,1135]"
77,"Spring",2015,1,"[699,700,703,708,711,712,714,716,717,718,719,720,832,870,877,881,957,1238,1242,1244,1249,1251,1252,1265]"
78,"Fall",2015,1,"[697,706,709,784,789,797,799,800,801,803,806,810,829,869,940,941,942,998,1004,1005,1006,1022,1029,1030,1034,1227]"
76,"Fall",2014,1,"[701,702,705,707,710,713,715,862,895,896,897,899,901,902,903,907,911,937,955,959,966,1236,1240,1246,1248]"
75,"Spring",2014,1,"[696,889,906,909,914,915,946,1125,1129,1146,1148,1150,1152,1154,1158,1162,1168,1173,1182,1184,1218,1253,1259,1268]"
73,"Spring",2013,1,"[971,986,991,992,1014,1023,1033,1045,1048,1057,1060,1078,1106,1111,1114,1121,1124,1131,1144,1165,1183,1193,1214,1231]"
74,"Fall",2013,1,"[742,748,894,943,953,968,975,1016,1018,1079,1080,1120,1164,1171,1174,1181,1187,1190,1209,1241,1255,1261]"
71,"Spring",2012,1,"[1409,1410,1411,1412,1413,1414,1415,1416,1417,1418,1419,1420,1421,1422,1423,1424,1425,1426,1427,1428,1429,1430,1431,1432]"
72,"Fall",2012,1,"[738,739,741,753,965,985,996,1003,1031,1032,1047,1116,1127,1167,1169,1176,1179,1192,1195,1202,1205,1230]"
70,"Fall",2011,1,"[1363,1364,1365,1366,1367,1368,1369,1370,1371,1372,1373,1375,1376,1377,1378,1379,1380,1381,1382,1383,1384]"
69,"Spring",2011,1,"[1301,1302,1342,1343,1344,1345,1346,1347,1348,1349,1350,1351,1352,1353,1354,1355,1356,1357,1358,1359,1360,1361,1362]"
68,"Fall",2010,1,"[1907,1908,1909,1910,1911,1912,1913,1914,1915,1916,1917,1918,1919,1920,1921,1922,1923,1924,1925,1926,1927]"
67,"Spring",2010,1,"[1295,1298,1299,1884,1885,1886,1887,1888,1889,1890,1891,1892,1893,1894,1895,1896,1897,1898,1899,1900,1901,1902,1903,1904,1905,1906]"
66,"Fall",2009,1,"[1303,1864,1865,1866,1867,1868,1869,1870,1871,1872,1873,1874,1875,1876,1877,1878,1879,1880,1881,1882,1883]"
63,"Spring",2008,1,"[1843,1844,1845,1846,1847,1848,1849,1850,1851,1852,1853,1854,1855,1856,1857,1860,1861,1862,1863]"
64,"Fall",2008,1,"[1300,1807,1808,1809,1810,1811,1812,1813,1814,1815,1816,1817,1818,1819,1820,1821,1822,1823,1824]"
61,"Spring",2007,1,"[1433,1434,1435,1436,1437,1438,1439,1440,1441,1442,1443,1444,1445,1446,1447,1448,1449,1450,1451,1452]"
62,"Fall",2007,1,"[1296,1825,1826,1827,1828,1829,1830,1831,1832,1833,1834,1835,1836,1837,1838,1839,1840,1841,1842]"
59,"Spring",2006,1,"[1453,1454,1455,1456,1457,1458,1459,1460,1461,1462,1463,1464,1465,1466,1467,1468,1469,1470,1471]"
60,"Fall",2006,1,"[1324,1325,1326,1327,1328,1329,1330,1331,1332,1333,1334,1335,1336,1337,1338,1339,1340,1341]"
57,"Spring",2005,1,"[1306,1307,1308,1309,1310,1311,1312,1313,1314,1315,1316,1317,1318,1319,1320,1321,1322,1323,1929]"
58,"Fall",2005,1,"[1472,1473,1474,1475,1476,1477,1478,1479,1480,1481,1482,1483,1484,1485,1486,1487,1488,1489]"
56,"Fall",2004,1,"[1490,1491,1492,1493,1494,1495,1496,1497,1498,1499,1500,1501,1502,1503,1504,1505,1506,1507]"
55,"Spring",2004,1,"[1528,1529,1530,1531,1532,1533,1534,1535,1536,1537,1538,1539,1540,1541,1542,1543,1544,1545,1546,1547]"
53,"Spring",2003,1,"[1571,1572,1573,1574,1575,1576,1577,1578,1579,1580,1581,1582,1583,1584,1585,1586,1587,1588,1589,1590,1591,1592,1593,1931]"
54,"Fall",2003,1,"[1548,1549,1550,1551,1552,1553,1554,1555,1556,1557,1558,1559,1560,1561,1562,1563,1564,1565,1566,1567,1568,1569,1570,1933]"
51,"Spring",2002,1,"[1612,1613,1614,1615,1616,1617,1618,1619,1620,1621,1622,1623,1624,1625,1626,1627,1628,1928]"
52,"Fall",2002,1,"[1297,1594,1595,1596,1597,1598,1599,1600,1601,1602,1603,1604,1605,1606,1607,1608,1609,1610,1611]"
97,"Fall",2001,1,"[1629,1630,1631,1632,1633,1634,1635,1636,1637,1638,1639,1640,1641,1642,1643,1644,1645,1646,1647,1648,1649,1650,1651,1652,1653]"
98,"Spring",2001,1,"[1654,1655,1656,1657,1658,1659,1660,1661,1662,1663,1664,1665,1666,1667,1668,1669,1670,1671,1672,1673,1674,1675,1676,1677]"
100,"Fall",2000,1,"[1678,1679,1680,1682,1683,1684,1685,1686,1687,1688,1689,1690,1691,1692,1693,1694,1695,1696,1697,1698,1699,1700,1701,1702,1703,1704,1705]"
99,"Spring",2000,1,"[1681,1706,1707,1708,1709,1710,1711,1712,1713,1714,1715,1716,1717,1718,1719,1720,1721,1722,1723,1724,1725,1726,1930]"
50,,1999,1,"[1762,1763,1764,1765,1766,1767,1768,1769,1770,1771,1772,1773,1774,1775,1776,1777,1778,1779,1780,1781,1782,1783,1784,1785,1786,1787,1788,1789,1790,1791,1792,1793,1794,1795,1796,1932]"
49,,1998,1,"[1797,1798,1799,1800,1801,1802,1803,1804,1805,1806]"