"id","person","image","class","major"
695,696,,89,"Computer Science"
696,697,"c8cc05ce-69d0-40b7-83bf-6fe0a2e542b9",75,"Media Informatics"
697,698,"1ed9823e-bc03-4bb0-bd70-f6a375a4fff6",78,"Computer Science"
698,699,"68fa36d8-7d8f-409c-abdf-cd565cf711b7",84,"Informatics"
699,700,"a8c68aed-9004-4cda-9ae2-b83051393e93",77,"Computational Science and Engineering"
700,701,"7b3ac758-ce1b-4774-80f5-4474b62f812a",77,"Power Engineering"
701,702,"6cee96e9-8d1a-4086-b2d7-d838e6672006",76,"Media Informatics"
702,703,"0de33d15-b9f1-49ae-a7ec-bd6e5e3c5463",76,"Neuro-Cognitive Psychology"
703,704,"a0a142fc-c1aa-4a3d-9433-28a81974a539",77,"Business Administration"
704,705,"5ebe5e10-87d7-4156-83ae-0d78bd222de1",92,"Consumer Science"
705,706,"c89a15bd-650c-40e9-8cc2-4fccb810d6ab",76,"Business Education"
706,707,"147d31fe-59bd-4b4c-a1e4-bae8d858d0da",78,"Physics"
707,708,"b2cadee4-3ee5-45d6-ba15-7d9dbba5697b",76,"Economics"
708,709,"c596004d-37b0-4943-820b-0d23492cf75e",77,"Consumer Affairs"
709,710,"48b47676-b99f-42ef-ab40-d201f7a1add9",78,"Business Administration"
710,711,"53d7f73d-aafa-420f-bd18-c20a3b7573e9",76,"Management & Technology"
711,712,"9d5cb68e-11ae-4102-97ae-9e4c78b40b6f",77,"Computer Science"
712,713,"807d676a-6524-496c-9fff-a3636f9a9bba",77,"Computer Science"
713,714,"19dc4483-f434-46ad-a9a6-7a6aa14a19da",76,"Information Systems"
714,715,"6aa38bcb-142c-4fab-9876-1b52baf564ed",77,"Business Administration"
715,716,"31acba93-611f-4cd8-8381-c6729afe48c3",76,"Computer Science"
716,717,"c043f2fd-bff0-4821-9b13-a257b16aa733",77,"Computer Science"
717,718,"b66736d4-be3a-4522-9ec5-be196152498b",77,"Management with Technology"
718,719,"a8b0853f-3802-42d6-a054-75e98a3fa1db",77,"Mechanical Engineering and Management"
719,720,"0b852660-1d76-4574-8cae-ea27db2e5346",77,"Business Administration"
720,721,"6336127c-f0d4-47b2-8143-0ff1538cc730",77,"Communication Studies"
721,722,"6de4c91a-59c9-4431-abc8-54321ec05ea2",92,"Power Engineering and Management"
722,723,"d72fa281-f7c1-48c9-82e1-e904255a9e12",92,"Computer Science"
723,724,"8ead9f77-495b-49e7-98a4-e88b87ca4816",92,"Management and Technology"
724,725,"86ffea26-5373-4bb3-a1bd-c52a98ff0dee",92,"Robotics, Cognition, Intelligence"
725,726,"ca37ab5f-7fff-410d-8846-a6157c858554",91,"MSc in Robotics, Cognition, Intelligence (TUM)"
726,727,"0991ec53-d605-40b3-8100-d7aa9f9af644",92,"Physics"
727,728,"75068fe1-c7d9-4aff-9bf1-4ad8aaa83449",92,"Management and Technology"
728,729,"78cd9d70-37c2-46a6-b53a-665beec33839",92,"Management and Technology"
729,730,"5097c60c-7642-4711-a27a-9486ef284ece",92,"Management and Technology"
730,731,"9038f7fe-0e21-45a1-94f9-9954ce2cd265",82,"Business Administration"
731,732,"c7801801-f888-497f-98b8-1327d3e4e0ed",92,"Robotics, Cognition, Intelligence"
732,733,"51792fa1-fd05-4019-9952-c335197744b0",92,"Electrical and Computer Engineering"
733,734,"f3f9e3e5-5561-4bda-9fbd-49e180f224e1",92,"Mechanical Engineering"
734,735,"6aaaa008-4028-4e1b-ac49-ba83d1127c23",82,"Information Systems"
735,736,"13ee2d24-2ab3-4e17-ab53-fe6af281660d",92,"Neuroengineering"
736,737,"f97a9ec0-a77b-4216-9485-f2a0624dd700",79,"American History, Culture and Society "
737,738,"c992afb1-4e12-4d4a-9e52-19a37d2e4a66",84,"Management & Technology"
738,739,"5c0fa6de-4c45-4ab4-a6d5-85f8ae78eda1",72,"Business Administration"
739,740,"380c1282-bc54-4eaa-a956-0c4fde4f6467",72,"Media Informaticsformatics"
740,741,"74c34947-f615-4acb-b5b0-87a5db66e735",84,"Management & Technology"
741,742,"c3a4bae5-73b7-4e35-ab79-2d5c88a39a0b",72,"Physics"
742,743,"9ef7a335-6966-4083-9b08-64aedb4c0176",74,"Consumer Affairs"
743,744,"8a3d4d05-b07b-47f0-a509-be117b90f88c",82,"Human Factors Engineering"
744,745,"d3b6a437-7920-4a4c-8aa7-d04845694ebc",81,"Medicine"
745,746,"3cd6cb80-4ad0-41e3-9ec5-03831c866f12",82,"Management & Technology"
746,747,"5d7a1d5c-b9e8-4fc7-886c-fce3cbe9dd62",84,"Management & Technology"
747,748,"32666539-0729-4bdd-8b2a-da26f124afc5",82,"Information Systems"
748,749,"bb8e8293-9803-4fde-9067-81019dbb1dcf",74,"Management & Technology"
749,750,"1d4e8e60-38f0-4fef-8a0b-973b921a4a39",84,"Informatics"
750,751,"f36a866d-9860-4f42-8391-48caadfa714d",82,"Management & Technology"
751,752,"37998a26-acf8-4815-a5f6-ee2d5ba8a228",82,"Informatics"
752,753,"a688e33d-9d87-406d-aae2-88123ffd2778",82,"Robotics, Cognition and Intelligence"
753,754,"fd0fe489-2a31-4f30-8e60-2af68c0f7386",72,"Informatics"
754,755,"d4a0280e-56ab-4366-9faa-6125946992e7",82,"Information Systems"
755,756,"f2b1ffde-8cd0-4f63-a933-0efc6d645ef3",91,"MSc in Management & Innovation (HEC Paris, TUM), BSc in International Business Administration (WHU, Chinese University of Hong Kong)"
756,757,"ace36c21-17ac-4bb8-b666-1808e9bc58cc",82,"Electrical Engineering and Information Technology"
757,758,"fa551aaa-4b6f-4122-b50c-b4cd9c26cc50",83,"Consumer Affairs"
758,759,"92e81c74-36cf-421a-adcb-d4b7ac97f926",84,"Mathematics"
759,760,"6af41ce7-4a7e-4348-8277-9e422f1bfaaf",79,"Business Administration"
760,761,"817e0510-69b4-452c-8f22-5bcba54ad926",79,"Management with Technology"
761,762,"29571346-0966-4fad-9229-1a7bf1a251cb",80,"Clinical Psychology and Cognitive Neuroscience"
762,763,"d3ae9c0c-ede3-43eb-a086-5e7305c96df5",81,"Business Administration"
763,764,"33097865-78ca-4af1-901b-066a27d3abbf",81,"Informatics"
764,765,"c8909bca-02c6-46c1-9e61-252b34ff412d",81,"Management & Technology"
765,766,"b6979957-c257-462a-8ecd-8c156207c33f",81,"Management & Technology"
766,767,"ad4c3b89-54fc-4efe-99f0-c94fd6716bb6",84,"Mathematics"
767,768,"a297c5e9-4e62-4ac2-aae6-9d3b1619301e",84,"Bioinformatics"
768,769,"ad5f62e1-6d76-4654-9a1e-fb1731f30ffd",79,"Informatics"
769,770,"b8a6dd89-9bf3-462f-9220-1d5d83eb2dde",80,"Business Administration"
770,771,"602c3738-efce-40c6-9cd3-5d73a077f573",81,"Electrical Engineering and Information Technology"
771,772,"767a6382-cd42-4e42-9429-5c58ebb0f40f",81,"Media Informatics"
772,773,"adc8decc-f016-46f4-b966-37d03b4ca262",81,"Business Administration"
773,774,"71912a0d-4829-44cb-ba4c-aa3275813069",79,"Psychology"
774,775,"12353626-a1dc-4663-8ef2-a2bc2b36fe8c",79,"Consumer Affairs"
775,776,"d1aa2edd-2e5b-4989-94e4-e0cf92b78247",79,"Electrical Engineering and Information Technology"
776,777,"9d88386a-29c2-47c7-98f8-470036c7f1e7",80,"Business Administration"
777,778,"aba9304e-a99c-4987-a345-33e49b096417",80,"Computer Science"
778,779,"11e8c95b-f224-4c0e-a5f1-27f4908d9458",80,"Consumer Affairs"
779,780,"425432b1-1b45-45a5-8c59-ea959af9911b",80,"Electrical Engineering"
780,781,"befbdbe5-31c4-4372-978f-ec842c584cc6",80,"Computer Science"
781,782,"f7f72019-a1e7-4493-8cb4-032bdbbb8c64",80,"Management & Technology"
782,783,"1380e58e-57ed-4894-bdf4-768c831dc84f",81,"Media Informatics"
783,784,"f620e56c-4b95-4d8d-bde9-c660d7aa11c9",80,"Electrical Engineering"
784,785,"c7d66afa-7757-4c91-9fb2-d626dbbfc04c",78,"Management and Technology"
785,786,"2d9c109f-6432-4574-86ec-0cba15d44b06",81,"Communications Engineering"
786,787,"f818eacb-d4f4-43f2-a855-a98f49b055c1",81,"Management & Technology"
787,788,"f3eef279-cf87-46d8-a99c-0e728348ff95",81,"Economic, Organizational and Social Psychology"
788,789,"2d681655-d920-43a5-9ad7-181af0516197",80,"Business Administration"
789,790,"5ca4dbf8-fa0f-49c6-a4de-9460ae2248b8",78,"Business Administration"
790,791,"afa6ac03-c0fd-43d9-8a83-037cbaba87dc",81,"Management & Technology"
791,792,"e0c705d2-30f5-401e-b065-24e72639f95d",80,"Robotics, Cognition, Intelligence"
792,793,"a421b2c3-2059-40fd-bf4c-cbc3e9c9a1cd",81,"Business Administration"
793,794,"3d205825-bb74-43db-bfd8-c1c9e5fd6cc7",83,"Data Science"
794,795,"e3ed2a4b-db18-4502-84bd-5c32a093a0b8",80,"Technology Management"
795,796,"3ba07170-95ac-42fe-864e-0f3edf243462",80,"Information Systems"
796,797,"7c6c5cb9-1259-4a6b-a162-008b31512c30",81,"Business Administration"
797,798,"c6c1ae5f-b91c-412a-8564-6eb1af89adfc",78,"Computer Science"
798,799,"d21fe9ce-195e-4ebb-8a0b-ac90e8bfe12b",84,"Informatics"
799,800,"51707482-b9de-4f4a-a7e2-aa33bc0bd7e8",78,"Economics"
800,801,"88900fec-f25c-48b4-a7be-0c26127b5521",78,"Mechatronics and Information Technology"
801,802,"fe6853e1-911b-473b-be10-3ffd31c8ec50",78,"Electrical Engineering"
802,803,"5a68e012-d999-42ca-81b2-6693a38c02da",80,"Statistics"
803,804,"2dd3358a-4c59-453f-bd4b-272fb568afd3",78,"Human Computer Interaction"
804,805,"6af41582-9e1c-4f46-8039-e1042bbcc21c",91,"MSc in Mechanical Engineering (TUM, Sorbonne Université, University of Cambridge)"
805,806,"66358aa0-30cc-4637-ab1f-3c6899c2b4b0",80,"Computer Science"
806,807,"0c59d76e-d88e-4b61-b0db-3f4e48d22da7",78,"Management and Technology"
807,808,"61417150-95bf-473b-99ac-fd5ce50245f8",81,"Mechanical Engineering"
808,809,"06aeccf7-5e46-4825-9cae-596c17196bb4",80,"Business Administration"
809,810,"49a967b5-ef4b-4960-8cc2-b603b18636fa",79,"Software Engineering"
810,811,"feb3e1ad-95e4-4632-ba4a-108facfa96d6",78,"Automotive Software Engineering"
811,812,"d14d0116-fa72-430c-893c-356d88b3cc74",80,"Communication Science"
812,813,"c8e8f970-ca5b-43fd-91bf-57bc2237e2bf",84,"Power Engineering"
813,814,"98ac68a3-5d87-4a71-a556-834ddd51e679",83,"Business Administration"
814,816,"b5600311-5e00-49f9-918f-2544b092ad17",84,"Management & Technology"
815,815,"b394dc09-582f-4d15-a7e7-a4eb0508b0e1",81,"Media Informatics"
816,818,"1af7593e-628f-4b93-821d-7339aaab9cb2",81,"Business Administration"
817,817,"44137286-cbf1-4ed9-b935-46103a968f7b",79,"Electrical Engineering and Information Technology"
818,819,"1e1b3941-45d9-4d5f-bc45-8cb0b00c3695",79,"Electrical Engineering and Information Technology"
819,820,"b900b1a8-9dbb-4048-b1d4-686406a6a25a",81,"Media, Management and Digital Technologies"
820,821,"eb075091-8fc6-4c6f-b480-a01a9dc961af",81,"Management & Technology"
821,822,"b951a029-e96e-402c-ab3c-1dde592f0c4c",79,"Management & Technology"
822,823,"8d308419-068b-4cc9-896d-4a7d4bc04ac8",79,"Life Science Economics and Policy"
823,824,"3f2e8bb8-047f-40f2-913c-e1b98732c397",80,"Computer Science"
824,825,"193af165-85d9-40c2-8b6d-5283bde7080c",80,"Robotics, Cognition, Intelligence"
825,826,"c2f9e824-dfde-4ee4-b9f4-436895c0370c",91,"MSc in Data Science (LMU, UNIPD)"
826,827,"0fd79f66-a22d-4d6a-9309-67cfef1a7754",80,"Computer Science"
827,828,"e0cc5dcb-24d6-430b-aa2d-9ce42b471f34",79,""
828,829,"e509732f-8d21-4630-a288-6c34ebcde73e",80,"Economics"
829,830,"6b1e8b27-8f1c-4203-8966-db9dd4882ff5",78,"Management and Technology"
830,831,"b091f86a-32e9-43a2-91ec-e3e27b38107d",84,"Management"
831,832,"774522a6-4a39-4de5-adfc-e77d398e38dc",80,"Management & Technology"
832,833,"aa874c12-3ddc-4f78-a74c-7ca73af5c404",77,"Management and Technology"
833,834,"ddbe1c2f-0396-4d75-8202-0995995663bb",84,"Business Administration"
834,835,"3cfcb7a6-b4a8-4c04-acd6-97bdcce4f952",79,"Physics"
835,836,"785c0136-804b-4a81-8f37-6d5ef49b50bd",80,"Electrical Engineering"
836,837,"61513161-ce85-432e-a4be-24f84fa5ed1b",91,"MSc Management and Technology (TUM), BSc Business administration (WWU Münster, Dublin Business School)"
837,838,"8f040bbe-db31-4215-824c-96239becf0bb",80,"Asia-Pacific Studies"
838,839,"216f5098-a4bb-49f1-9638-a31f58e16a90",91,"MSc in Management & Technology (TUM, University of Mannheim, Stellenbosch University)"
839,840,"fc6039d5-1a01-43df-b2ef-79593f6bff2e",80,"Information systems"
840,841,"b00570d8-1b79-4ee2-bce6-ab3c05ccfbe4",79,"Informatics"
841,842,"0fb64724-9d9f-4271-ad70-b4ac87b69a38",81,"Human-Computer Interaction"
842,843,"5c18b33b-ea73-4167-be1d-c8e2b237485d",91,"MSc in Management & Innovation (TUM)"
843,844,"1f3590cf-7c84-4c62-8f31-31ec9bf17977",81,"Informatics"
844,845,"905bac13-04aa-40d2-9205-d5dced7793da",81,"Computer Linguistics"
845,846,"6ad4c5b9-79ac-4b22-b535-8be5a4445267",91,"MSc in Electrical and Computer Engineering (TUM, ETS)"
846,847,"fd00d23d-1874-497f-b795-de7f664879b8",91,"Doctor of Medicine (LMU, University of Alberta, Cornell University, Yonsei University, Universität Zürich)"
847,848,"77938c32-da7b-411e-be6b-228977cf742d",84,"Business Administration"
848,849,"862613a6-abef-45c4-8f86-d1b38533d3f9",89,"Clinical Psychology & Cognitive Neuroscience"
849,850,"05a5e967-76bc-465d-bc8b-40d2c521d432",90,"Management & Technology"
850,851,"2e5f5fcc-af7e-4e2b-9ab5-845e01ab92c5",91,"MSc in Information Systems (TUM)"
851,852,"82ab0aec-2a42-4e46-8837-d361910bb0b6",91,"MSc in Computer Science (TUM, NUS)"
852,853,"4d697c2b-77f6-42a1-b9ab-1639746d4393",91,"MSc Robotics, Cognition, Intelligence (TUM), BSc Mechatronics and Information Technology (KIT)"
853,854,"e56c5b3a-8c7c-4ec5-8d1f-81327174498e",92,"Physics"
854,855,"256de6de-de4e-4b8a-89d1-4a66f9394aa9",84,"Information Systems"
855,856,"fbf66611-71c5-4adb-b18e-10aaf39f4beb",84,"Electrical Engineering and Information Technology"
856,857,"82a13a98-6ae4-42a8-83c5-391e73feeca3",79,"Engineering Science"
857,858,"893cbb1e-c9a8-418e-8261-06f987479727",90,"Robotics, Cognition, Intelligence"
858,859,"7bd54084-8d89-4dbc-a36c-54d853093d6a",81,"Industrial Engineering"
859,860,"39c9745d-a90b-4b4d-bac9-1487a03e97b7",91,"MSc in Robotics, Cognition, Intelligence (TUM)"
860,861,"85d74355-3016-4e59-90ed-ed011f4b6b67",90,"Business Administration"
861,862,"1bffcc5e-81f8-41a4-8b94-d517598994ae",91,"BSc Management and Technology (TUM)"
862,863,"40fc4a33-9ef4-4746-9a1b-7a3633b1beed",76,"Business Administration"
863,864,"8416cb88-cf44-424f-b446-86458d2cc79d",84,"Informatics"
864,865,"9735bda5-d4c0-4772-8654-727cc5d76370",80,"Business Administration"
865,866,"d8c3a0d8-813d-4544-be60-530fb4c7958e",93,"Computer Science with specialization in Neuroscience"
866,867,"e8dcec6f-a020-4596-9eaf-3ed6217ab36c",91,"BSc in Physics (LMU)"
867,868,"dccd5460-2d6e-4edf-a375-3a8b7dd55c86",90,"Management & Technology"
868,869,"c9ce7460-7316-4a2e-8e8c-92f3daa170cc",79,"Business Administration"
869,870,"bacb6eca-cf11-4de1-bb14-ca156ee0012e",78,"Consumer Affairs"
870,872,"634e6d08-0b2c-43d2-8a9c-b2b0e91c5ba0",77,"Communications Engineering"
871,871,"00b5d6d8-0303-45fd-a30c-8ff35a873944",82,"Informatics"
872,873,"a676df46-c4a2-4d60-a1dd-38368aee92b3",92,"Consumer Science"
873,874,"20b2f796-d5f4-4c87-a5f9-0bf60fd75402",84,"Media, Management and Digital Technologies"
874,875,"f9c82559-590e-442d-bc5b-d9ee8512f569",83,"Electrical Engineering and Information Technology"
875,876,"f99b50dc-c2a4-4436-9c63-ead6365670ba",89,"Data Engineering and Analytics"
876,878,"b1d4871d-f47d-4dc7-adf4-082c85c78a17",84,"Political Science & Philosophy"
877,877,"3d55f7fd-a2c8-410c-a95c-7adae8b09874",77,"Business Administration and Political Sciences"
878,879,"2f56683b-c91f-4920-8942-9171672b55df",84,"Media, Management and Digital Technologies"
879,880,"f5ac48cc-dcca-4e9e-9fc7-5a6735cd9156",89,"Data Science"
880,881,"a33eb9d1-96fd-4992-a1af-0810a2151544",83,"Consumer Affairs"
881,882,"8efd117b-9cbb-43c2-ad23-f07e76439095",77,"Power Engineering"
882,883,"cc77d09a-13f0-43e5-aad0-21cb52849a5c",92,"Computer Science"
883,884,"3448614e-2d6f-4dae-b6d3-34b5e0d610d1",92,"Computer Science"
884,885,"a02659c9-8123-4069-a850-ee6593ca67bc",84,"Electrical Engineering and Information Technology"
885,886,"4cdfc891-0c0f-43d5-8781-90dd21e4803b",92,"Management and Technology"
886,887,"3be34889-495c-4ae0-916c-9cb5ddd71b01",79,"Human-Computer Interaction"
887,888,"54ab697a-0c74-4148-a86a-6d4d602595a4",92,"Business Administration and Management"
888,889,"52128db2-0173-4a93-99f7-a2e9d8011c82",91,"MSc in Electrical and Computer Engineering"
889,890,"0b9f1bc4-f3cd-479b-ba42-ddb306776005",75,"Communications Science"
890,891,"c7d0b0dc-e475-426e-b63b-45998ab48f68",79,"Management & Technology"
891,892,"e46add94-3855-438e-a77c-1263e2b01fb4",84,"Informatics"
892,893,"b93d4eb3-f5e8-42f6-98d3-8c5b9d70e398",91,"MSc in Consumer Science (TUM), BSC in Psychology (LMU)"
893,894,"ee198403-4910-4293-8b4a-fbbea36e4d94",89,"Information Systems"
894,895,"e1f2ca3c-66bf-4bec-b31d-b27b726fff01",74,"Informatics"
895,896,"bfa57b5b-dfe7-4274-982e-3a5ad08449f0",76,"Mechanical Engineering"
896,897,"37b3ef78-dbc3-412f-aec4-02df60baf8c5",76,"Mechanical Engineering"
897,898,"4801a6e4-a37d-488f-bdf9-5340896b328c",76,"Information Systems"
898,899,"b662e8d6-c67e-4c9a-aa50-339a18195c70",84,"Robotics, Cognition, Intelligence"
899,900,"d0dc5cf6-ab42-4651-8b50-e77992991dd7",76,"Computer Science"
900,901,"17c5a800-709f-47bf-bfde-cc959ad20a5c",83,"Architecture"
901,902,"155fadf3-ac36-488a-84ed-9aa4a4b443a8",76,"Business Administration"
902,903,"cbcabd5e-946f-47ee-a2e8-aea6a2e4e6ce",76,"Electrical Engineering and Information Technology"
903,904,"fbfcaf8c-bdc5-425f-943f-99f4d5fba010",76,"Law"
904,905,"5a95c910-0e4b-4380-8d9e-680d194b002e",94,"Psychology, Computer Science"
905,906,"d2f95e33-9e2c-4ba8-8130-1a6452144267",92,"Computer Science"
906,907,"1a7e97b3-0846-47be-8026-f5f1cc5674bb",75,"Electrical Engineering and Information Technology"
907,908,"176e1a32-405d-4558-b5aa-99d5c316c73d",76,"Business Administration"
908,909,"155daf04-e780-4aa4-9fb1-740ecbec75eb",83,"Power Engineering"
909,910,"b769cac0-87c1-4776-8782-95d6066f2b59",75,"Neuro-Cognitive Psychology"
910,911,"4dc2e353-97d6-45cc-86a3-7d8526c8d952",92,"Management and Technology"
911,912,"987276e7-1e99-43cf-a1a9-47c8ecd20dea",76,"Philosophy of Science and Technology"
912,913,"78865551-1ae9-4bdb-b606-11c3ae460beb",79,"Anthropology & Business Administration"
913,914,"0985d1ef-570e-4dcd-a7ec-300500ba8f63",91,"BSc in Economics (LMU)"
914,915,"e6eb14e5-55d3-4426-87fb-40d19adf6e19",75,"Technical and Management oriented Business Administration"
915,916,"5af32cfe-b910-4220-ab64-00401de0564d",75,"Mechanical Engineering and Management"
916,917,"46cd3d58-b884-49b9-aac8-4e4be2be1941",94,"Computer Science"
917,918,"cce7f0ff-8a08-4d9b-b848-19d5b2cc84eb",94,"Management and Technology"
918,919,"56ad1cee-9215-4f54-9635-1b704f349183",94,"Mechanical Engineering"
919,920,"a2f9d97a-0ea4-4844-9778-92e9188e10b0",94,"Robotics, Cognition, Intelligence"
920,921,"de9ef45a-6af7-48df-ae83-be8df1e6279e",83,"Management & Technology"
921,922,"f4668f57-13c8-455f-bd29-07547e1b16d8",94,"Management and Technology"
922,923,"b54dba84-eafb-493f-98a0-728bc8f37cd8",94,"Computer Science"
923,924,"5c9f521b-409c-47b8-b2d1-818a8c0fddf5",94,"Management and Innovation"
924,925,"83106d7a-12da-4ad1-a09b-39bded3590a2",92,"Statistics and Data Science"
925,926,"86a85cc2-a23e-424b-a1ad-57dccca21b6c",94,"Communication Science"
926,927,"598955cf-2753-4380-82dd-a5f1699286bf",79,"Robotics, Cognition, Intelligence"
927,928,"4a982343-d1b7-4622-a8d3-2be8a3376f72",79,"Business Administration, Management"
928,929,"71d5077d-ae5b-475e-b59e-0ef14b88c435",94,"Statistics and Data Science"
929,930,"584abbf4-f942-4664-8115-68fb6190792a",94,"Management and Technology"
930,931,"2ca3bb5a-c131-454f-96a1-055cedfd9565",94,"Bioinformatics"
931,932,"b066f988-6e84-4015-be8f-c336049d065c",92,"Mechanical Engineering"
932,933,"846a0188-9c67-4f61-9f74-ac2313ac0d83",94,"Computer Science"
933,934,"c77f5a8d-c4cd-4330-a77d-02144f42ac84",83,"Informatics"
934,935,"cf585a2d-5474-4062-93c7-3a927efe90dd",94,"Mechanical Engineering"
935,936,"cd812ead-d507-47b6-896b-b1ed6980f0ed",84,"Human Factors Engineering"
936,937,"369e0d05-b785-4191-92e2-5c56b893a2a5",94,"Management and Digital Technologies"
937,938,"22604a75-d0db-4677-a247-9c680d3cac4b",76,"Energy and Process Technology"
938,939,"d4200ccf-5870-40bb-9784-ba0b03f25115",90,"Human-Computer-Interaction"
939,940,"42cf54b9-1b00-44a1-9f90-3af2d88fc82d",79,"Informatics"
940,941,"c6e0181d-ac4c-465c-b3fe-be32293ab3a3",78,"Logic and Philosophy of Science"
941,942,"1e625be6-719a-4265-bd7d-e638933a76de",78,"Communication Science"
942,943,"e54943bb-bf00-4b35-8b89-40b96bba3d4a",78,"Physics (Biophysics)"
943,944,"d5fee749-b685-4847-9f04-23adf717c6d1",74,"Information Systems"
944,945,"29e1ca1b-abf0-48e3-bfa7-85776aaac1fd",92,"Management and Digital Technologies"
945,946,"545302ae-10f2-4a6b-bef8-7ac79a032d40",79,"Electrical Engineering and Information Technology"
946,947,"b434bc6f-3851-4a37-8087-2bbd52fdf5a5",75,"Power Engineering"
947,948,"88e23bba-be4d-461c-a945-1ae25eca9574",88,"M.Sc. Business Administration"
948,949,"482b8f00-1f40-4971-881d-7f78c0a35e8b",83,"Robotics, Cognition, Intelligence"
949,950,"20df1100-ec04-4b95-87af-cf977600e8c9",83,"Science, Technology and Society"
950,951,"607338c5-e550-465c-8196-10970d903853",90,"Management & Technology"
951,952,"f54e01ca-ace2-4cd8-a2bf-ea64637cc71b",89,"Data Science"
952,953,"fe714278-6c1f-439c-b530-a32d70481e35",90,"Robotics & Mechatronics"
953,954,"ea470d5f-26c0-481f-b59e-49179dc00898",74,"Management & Technology"
954,955,"ea99ea93-2a97-4f55-a9be-1889446c489a",83,"Management & Technology"
955,956,"2c687cf6-ff86-4709-8b2b-1dc231d797c3",76,"Business with Technology"
956,957,"6b9b5483-819b-4c01-9a4d-c8fce0fc1578",83,"Business Administration"
957,958,"4c525f14-14bc-4e15-8ac7-65005ed2542b",77,"Electrical Engineering and Information Technology"
958,959,"059bc0e3-c545-4016-8baa-91c4df63dea1",88,"B.Sc. Informatics"
959,960,"f1016fb6-4daf-4a2b-90ca-07edc12b9f7a",76,"Computer Science"
960,961,"650d2684-b439-457b-8841-b53deb42fee3",84,"Human Factors Engineering"
961,962,"ab600e64-d0bd-418f-9699-b9b42e472ad9",87,"B.Sc. and current M.Sc. in Business Administration"
962,963,"0648d5b6-755e-426c-9fa9-4dbdbf0fd142",83,"Communications Engineering"
963,964,"ccc0fe67-be5e-4ea3-b17b-78fa083bb4a2",84,"Business Administration"
964,965,"cd5e3d6b-7d76-41e4-a27d-9b485c22b79b",89,"Management & Technology"
965,966,"b38d6f4a-b248-4058-b154-4056380b3038",72,"Wirtschaftsinformatik"
966,967,"51615fc9-15db-4364-8172-aee13d711100",76,"Electrical Engineering and Information Technology"
967,968,"33a67ee9-acd8-44b3-a5b6-163a5ad123c8",92,"Robotics, Cognition, Intelligence"
968,969,"26b31091-65fb-4b6b-b414-b8d6baade3bd",74,"Neuro-cognitive Psychology"
969,970,"1767848c-d8de-4daa-b66a-cbf0f8422177",94,"Physics, Management"
970,971,"c95fb557-4bc2-4191-9089-dde19af8297f",94,"Management and Technology"
971,972,"eeb3161c-e79d-4c7e-b0ba-214d2eb6ed5c",73,"Wirtschaftsingenieurwesen"
972,973,"c5c9255b-f56c-4510-b681-606fb188924a",94,"Management and Technology"
973,974,"ba7465a2-e28f-4546-9bde-469624565ccd",82,"Electrical Engineering and Information Technology"
974,975,"bad64c9d-56cb-4710-984f-da892d4bd28f",83,"Business Administration"
975,976,"d8e471a0-78bf-4fe4-83c4-d3d94609d3b4",74,"Informatics"
976,978,"448b92de-5c1a-42b1-8e41-ee7b1b9d5703",94,"Business Administration"
977,979,"887717fb-fe54-454b-b593-5f2a7bfd0bcf",87,"B.Sc. in General Engineering"
978,977,"196fa5b0-8ae5-4384-9e6d-1fa648a822c8",93,"Health Sciences"
979,980,"c82e47a3-7435-407c-8584-3df3dd535284",87,"Bachelor and M.Sc. in Physik"
980,981,"7114d690-9a49-405f-b42a-570f2352e3ad",93,"Business Administration"
981,982,"a4a47a8d-2440-4d84-8363-7dc0c6b5b648",82,"Informatics"
982,983,"8e01fa1c-4f5f-4bb9-96b6-36ecd4ac0fca",89,"Electrical Engineering and Information Technology"
983,984,"96f19278-e88c-4338-93b1-edf836357a28",86,"Management & Technology"
984,985,"96e623c9-4a7c-4040-bff7-0d88dd66cdda",87,"Bachelor and M.Sc. in Computer Science"
985,986,"22270a55-0242-49e5-aa81-0218c6d747c7",72,"Computer Science"
986,987,"3f8b7977-3458-46e6-93e2-b08b09bff53e",73,"Wirtschaftsinformatik"
987,988,"74b04a25-1429-4f0a-b3db-ca2542d7cc8e",94,"Information Systems"
988,989,"dba92fc1-d0fb-4ab1-a3f6-7a6e88d8d4c5",89,"Management & Technology"
989,990,"d2c386a5-a125-45d5-a843-7e2b2c8f6434",86,"Statistics"
990,991,"73d959d1-0f93-41f8-8bad-ec2717755142",86,"Informatics"
991,992,"2aa65c98-91db-4d2a-b495-7015f91243e0",73,"Technical and Management oriented Business Administration"
992,993,"d3241df4-1f7f-469e-acaa-81b022c50bd0",73,"Technical and Management oriented Business Administration"
993,994,"48b7c538-3dec-4660-accf-1d260e0afbac",82,"Informatics"
994,995,"abeba708-ab55-404e-9b16-ecc3cf503331",93,"Software Engineering"
995,996,"6bfb91f7-9519-4e09-955f-e69601140fdf",86,"Robotics, Cognition, Intelligence "
996,997,"6cf5a15b-5399-4a0e-bb42-b47681d50d7f",72,"Electrical Engineering and Information Technology"
997,998,"fa3828e1-cf38-4a07-8cd9-c22e2fb41f87",93,"Computer Science"
998,999,"1174aea5-8fed-477b-9952-816a78a5df26",78,"Computer Science"
999,1000,"7a3715cd-8d98-43b3-986d-0181a42f48f0",89,"Computer Science"
1000,1001,"0cba82e0-87c7-424e-a93d-0bcde64bb02b",87,"B.Sc. in Psychology"
1001,1002,"0637f0c1-38ca-485e-a274-0f138103b94f",93,"Robotics, Cognition, Intelligence"
1002,1003,"de296ccc-afd7-447b-88cd-092952e0b227",82,"Economic, Organizational and Social Psychology"
1003,1004,"97634220-ea1b-4b5c-8d00-41fe41818185",72,"Computer Science"
1004,1005,"d58fab4a-487d-4eaa-aab3-1bc2e367f85f",78,"Information Systems"
1005,1006,"2ac057ad-c53d-4141-976b-dc8fe25dc6bc",78,"Computer Science"
1006,1007,"77b30541-0dbb-481b-9d34-91b0265033bc",78,"Management and Technology"
1007,1008,"af1e4d37-0ec3-4d1f-a123-0fa3c78f1b90",93,"Management and Technology"
1008,1009,"dedac65e-eda6-4499-a1cc-08144225064a",83,"Biomedical Engineering"
1009,1010,"27c7c2d3-4a13-4760-be0d-63eb1a0e7a82",93,"Management and Technology"
1010,1011,"237c98f4-e9ee-45be-bdf7-5641a39f2dbe",94,"Film Production and Media Business"
1011,1012,"4d732bac-b1cd-427e-a25f-ff5820696d14",83,"Management & Technology"
1012,1013,"75ba842c-14d4-498b-91a5-23e8ba7e92a7",87,"B.Sc. in Management and Technology"
1013,1014,"6cac817a-6717-41b2-9e4a-a332fb258a78",83,"Informatics"
1014,1015,"e4dbaa0e-66e0-4db2-aeaf-e845584cf1c9",73,"Business Administration"
1015,1016,"ae03031b-516c-41b3-916b-7f39ed697370",82,"Mathematics"
1016,1017,"cc07d24e-386c-41e0-addc-08f059ff24ce",74,"Informatics"
1017,1019,"42317985-fd24-4f92-b1f9-95b7cf964dc0",79,"Environmental and Sustainability Engineering"
1018,1020,"e3d5acd8-74a4-4a9d-a1b7-bc6c25b233c0",74,"Information Systems"
1019,1018,"f1c2fc8e-d29f-45cf-b822-37ee0d527a4c",82,"Mechanical Engineering"
1020,1021,"0598db6c-4644-44ff-8752-effe2c100e68",83,"Management & Technology"
1021,1022,"36d1e0b9-9dee-4459-ae21-523e07a0ba70",91,"Medicine (TUM)"
1022,1023,"a9aac8b9-bf0b-4696-b14f-a4aec086a749",78,"Economics"
1023,1024,"eb81d8f2-9354-4823-beee-30208496d564",73,"Informatics"
1024,1025,"28e36484-c4e7-4c62-b7d1-321ec7887243",83,"Consumer Affairs"
1025,1026,"da782914-b8a9-4c8f-a79a-b7cb44f5b9b0",86,"Robotics, Cognition, Intelligence "
1026,1027,"0058af59-4213-4326-9e30-42bfd4027f56",83,"Human-Computer Interaction"
1027,1028,"b0ca7d55-509b-40c4-9422-4f1d607666f3",85,"Business Administration"
1028,1030,"8647020c-c98a-4832-9ef9-b4e08f2ebd59",93,"Management and Innovation"
1029,1031,"e778f076-6508-41ea-8c07-4bcac7dba2d7",78,"Electrical Engineering"
1030,1029,"bd9f1af9-9bbe-4e1c-8220-dd24e70d858c",78,"Computer Science"
1031,1032,"b8992d38-8df6-41f4-8834-9583bf02645b",72,"Mathematik"
1032,1033,"92ba1946-1771-4067-a119-887bf808c18a",72,"Communication Engineering"
1033,1034,"6616f3a7-17ea-465e-a087-8f0fcb6e6aa5",73,"Informatics"
1034,1035,"1b883aff-d477-41d8-8d7f-dd11c9951608",78,"Information Systems"
1035,1036,"c359b4c2-3600-4b26-9fd6-55acaa934702",93,"Physics"
1036,1037,"b94a22cd-093e-4114-8896-aaa371f7eba5",93,"Philosophy and Economics"
1037,1039,"f47f9d0c-9c6b-445a-a29f-eeabb3154c89",93,"Electrical Engineering"
1038,1040,"4136ae31-2220-4792-8cf6-32a13392bc15",93,"Philosophy"
1039,1038,"e12f998e-028f-418f-b38c-89c121814c10",93,"Information Systems"
1040,1041,"ee5b051a-45e8-4433-a8ca-ab4b93da9884",93,"Mechanical Engineering"
1041,1042,"66fe3d45-754a-48f8-ac10-772aac7362f7",90,"Business Informatics "
1042,1043,"5eecf263-9505-41c9-b8c5-4ff9d9f82ea8",93,"Business Administration"
1043,1044,"8b91875b-f8ae-42da-a876-51b1f6dd7f34",86,"Management & Technology"
1044,1045,"3d00e193-6494-4757-9339-4e97a9b566e4",88,"M.Sc. Management & Technology"
1045,1046,"03c31df4-8074-478d-a41a-79e5746cd959",73,"Informatics"
1046,1047,"d1a0768e-009a-4e95-9198-411900da3225",90,"Computer Science"
1047,1048,"0f9ea7fc-8539-43bf-b73c-595ae5fa6c0d",72,"Computer Science"
1048,1049,"fefe2594-b3db-467b-963e-b2ba330d6268",73,"Elektro- und Informationstechnik"
1049,1050,"b7de26f5-895e-4e58-a56f-83bfdc7d6c30",86,"Robotics, Cognition, Intelligence "
1050,1051,"764429df-d6bd-4403-b945-4a96e3a47d79",89,"Architecture"
1051,1052,"6c24735b-7f6b-433a-9034-780778b4cde7",89,"Media, Management and Digital Technologies"
1052,1053,"a820c19b-2245-4219-a50d-baea0a5b0efd",88,"M.Sc. Media, Management and Digital Technologies"
1053,1054,"49eaeaf9-8c5d-4f6f-8f56-79da544627a8",91,"MSc in Politics and Technology (TUM), BA in German: Media & Aesthetics (Princeton)"
1054,1055,"d033ee34-85a7-428d-81ba-1f9489ede017",83,"Media Informatics"
1055,1056,"424ca7cd-f449-4508-b237-ccf698f7b97a",85,"Informatics & Business Administration"
1056,1057,"f140d18e-6d25-4af5-b89f-1d864348f90a",86,"Robotics, Cognition, Intelligence "
1057,1058,"b27f6c2a-3a24-423a-b063-f6633d4299d0",73,"Wirtschaft mit Technologie"
1058,1059,"4124a91d-0fd8-4a17-8489-cb346c3f63d0",90,"Management & Technology"
1059,1060,"e44b0a60-6b30-4f2a-a1d8-890a8f7810cc",89,"Computer Science"
1060,1061,"d8533bcb-4f25-4a10-a4f3-7ff2175b6bc1",73,"Informatics"
1061,1062,"61789898-e03f-4d94-8fc4-1c6806b56751",89,"Computer Science"
1062,1063,"c8bc300f-7715-418c-a08f-5827c2d61347",90,"Physics"
1063,1064,"3a6ed058-f73d-476f-a5a6-e1a1098c4e38",90,"Engineering Science"
1064,1065,"cfdaca36-ec05-4f1e-a403-15ceb0bcc371",88,"B.Sc. Informatics"
1065,1066,"dd120b76-a746-4096-a2dd-5a741e607bd1",86,"Electrical Engineering and Information Technology"
1066,1067,"7043accf-1cfe-4841-83d8-6811b02be1ab",85,"Management & Technology"
1067,1068,"76ff6158-3dce-402d-b3a9-7235ffb0fa29",87,"Business Administration"
1068,1069,"ca015b1f-9831-4e5d-b5bf-38d65c4e8eb9",83,"Robotics, Cognition, Intelligence"
1069,1070,"65a7a26f-8116-4de5-9891-4bc7a6bf5446",90,"Management & Technology"
1070,1071,"190772eb-ec67-4d53-bd58-6a65e29f4f94",87,"BS. Biomedical Engineering and M.Sc. Biomedical Computing"
1071,1072,"487f4a6c-a051-4c8e-a3a6-11f2712d2d18",90,"Robotics, Cognition, Intelligence"
1072,1073,"62c7a7a6-4465-4838-bde4-74b3f8f42b9f",86,"Management & Technology"
1074,1075,"dc01222d-64d4-4c83-a54a-73f448c4770c",88,"M.Sc. Management & Technology"
1075,1076,"9577f5a2-9f49-47a0-a821-81863ffb84b0",85,""
1076,1077,"b23a61cd-27e0-44bd-853f-b050c4aa7d3d",90,"Management & Technology"
1077,1078,"b88d0dcc-dcf9-4051-9445-f77b337e160a",87,"B.A. M.A. in Architecture and M.Sc. in Management"
1078,1079,"ba0cdf81-b0e2-402b-b9cc-f56943e15a1b",73,"Technical and Management oriented Business Administration"
1079,1080,"90d3ec68-08fe-4779-95d8-6a0b01ac417c",74,"Neuro-cognitive Psychology"
1080,1081,"314b127b-bcba-4853-b301-354f245fe11c",74,"Communication Science / Psychology"
1081,1082,"bf5d458e-23d8-440b-aaae-b18d6ecceb96",88,"M.Sc. Management & Technology"
1082,1083,"e6d5e674-be6a-416f-b161-6cc3dcedb989",88,"M.Sc. Management & Technology"
1083,1084,"3498bdbd-74dd-4ba6-8abf-0409426d59f4",88,"M.Sc. Economic, Organisational and Social Psychology"
1084,1085,"a63320d3-1bb4-4b33-ae05-4a6aff3daed9",89,"Management & Technology"
1085,1086,"bd21bd11-6af5-4f5d-a6e0-8f03424e5c06",87,"Bachelor in Psychology and M.Sc. in Educational Psychology"
1086,1088,"284f7ad2-6e51-4a29-9eff-20264b3915fd",82,"Human Factors Engineering"
1087,1087,"6d51ba89-f357-4dbe-bcf6-8ce7367192de",90,"Consumer Science"
1088,1089,"333d67fc-368c-4923-93f9-b40ca944096b",82,"Management & Technology"
1089,1090,"e2c42feb-16f8-4b18-a217-a08b64df17e3",87,"B.Sc. in Electrical and Computer Engineering"
1090,1091,"28e02f0e-e265-4b3e-8328-319c68ac2561",88,"M.Sc. Management & Technology"
1091,1092,"f187a10a-cbef-469a-90d8-2b5c505382b8",82,"Business Administration"
1092,1093,"fab9ee91-608a-4736-8cda-2effdb35b623",90,"Management & Technology"
1093,1094,"118ff7c3-58a2-4fee-8605-2be443affb55",90,"Communications Science"
1094,1095,"821e89ae-c765-44bb-a91d-bad1813d867c",82,"Media, Management and Technology"
1095,1096,"4cf60567-38fe-4ad7-ab07-8f837193dfd9",88,"M.Sc. Psychology: Learning Sciences"
1096,1097,"478b0c0c-f07a-42a9-9234-6540fb9b564e",89,"Management & Technology"
1097,1098,"d47f63fc-a239-4eee-a9dd-320039049c65",82,"Information Systems"
1098,1099,"e0f8db0f-40b3-4c99-a54e-d0c09d8b980e",90,"Mechanical Engineering"
1099,1100,"e10ab263-17ba-4cd9-a7db-e823b5a2955f",90,"Mechanical Engineering"
1100,1101,"93cae93e-c48c-4e0f-b92f-f93bb148c302",89,"Medicine"
1101,1102,"273a421e-5356-449c-a2b9-152ae04e49c9",87,"Bachelor and M.Sc. in Information Systems"
1102,1104,"09d1e9fa-5c7c-4137-99b9-19cdce1660df",90,"Information Systems"
1103,1103,"39700351-68c8-4020-b758-b9307e6b55c4",88,"M.Sc. Mathematics in Data Science"
1104,1105,"a9b1fd8f-1f34-404f-8f87-dc5af4582e1f",85,"Physics"
1105,1106,"4283973a-c3cb-4d71-88a7-45b7051a5c0a",82,"Management & Technology"
1106,1107,"eb27d5cf-bdad-4508-be8e-579c69401593",73,"Elitestudiengang Osteuropastudien"
1107,1108,"ea1a5f63-33eb-497c-8ca3-93b8fa493c0f",85,""
1108,1109,"13767d8c-a141-4acb-a571-11ee60212d22",89,"Computer Science"
1109,1110,"f590d92f-a1a6-4843-889f-bcb53f333de7",94,"Information Systems"
1110,1111,"ec1ddce6-7e1f-4349-a361-3d1b153acccf",87,"B.Sc. in Engineering Science and M.Sc. in Biomedical Computing"
1111,1112,"38af61a9-c3c4-4bff-8535-1f8926e94390",73,"Business Administration"
1112,1113,"abf15656-d728-4172-a187-383983983b8f",88,"M.Sc. Management & Technology"
1113,1114,"735bf349-6981-4e62-bcac-90c51738a91c",90,"Robotics, Cognition, Intelligence"
1114,1115,"55e9f772-c1fb-4235-a43e-03caf3f87672",73,"Informatics"
1115,1116,"f213a2d9-3b71-4055-8e3b-1f498a9d4e56",87,"Business Administration and M.Sc. Media, Management & Digital Technologies"
1116,1117,"77cb1a7d-26c5-4597-8519-cd402c89b10f",72,"Technology and Management"
1117,1118,"723b8902-9b98-40ff-ab07-e31cc8756d83",86,"Mathematics in Data Science"
1118,1119,"e7ab7240-ee64-49c2-862c-22aab1cf44fc",87,"Bachelor in Psychology and M.Sc. in Ergonomics - Human Factors Engineering"
1119,1120,"3a0641ac-6af5-41b7-b6f6-b8aae04c0984",86,"Informatics"
1120,1121,"fb5ff913-2ca1-4f7f-a301-eb7fa107f35f",74,"Business Administration"
1121,1122,"754d7ddf-8fcb-48ee-bee2-743646369a7b",73,"Medicine"
1122,1123,"607886cd-80d8-4155-90d9-01f3bb59883c",94,"Mathematics"
1123,1124,"1913dd7e-0e55-49b5-b1c5-be63063ca95e",85,"Electrical Engineering & Information Technology"
1124,1125,"869dee8a-ca42-4d97-bf3b-a54626692dbd",73,"Consumer Affairs"
1125,1126,"07b6c9bb-6b41-489f-b954-2c49ccffc265",75,"Informatics"
1126,1127,"259889d6-824e-4f74-93f0-a70372a31c93",87,"Computer Science"
1127,1128,"b2ae1c6f-5784-481e-93c6-770219068fae",72,"Technical and Management oriented Business Administration"
1128,1129,"6e31ff82-ecbe-4ad2-8cc5-e92725c5ce8b",90,"Management & Technology"
1129,1130,"a6e420a0-1881-4807-b822-a020c33dae9e",75,"Electrical Engineering and Information Technology"
1130,1131,"895ac5d6-d93a-46d4-bae9-5fe00883ff20",87,"Bachelor and M.Sc. Electrical Engineering and Information Technology Technology"
1131,1132,"6f32d4ab-f619-41a9-a60f-100c40bf05fa",73,"Economics"
1132,1133,"f2dec4ec-285e-4104-8b22-03a67a6b88b9",89,"Politics"
1133,1134,"ae064695-74d6-48b7-b23a-faf999651eab",85,"Robotics, Cognition, Intelligence"
1134,1135,"dfc8e0b6-737e-411a-9071-5b9d3ed98e72",86,"Chemical Engineering"
1135,1136,"6a404a3d-9aaf-4ebb-b1d7-f6bc451d0f63",79,"Psychology"
1136,1137,"ae48afed-c871-4fca-aee5-94803fbf1093",87,"B.Sc. in Business Administration"
1137,1138,"ae05350c-5ddb-44b2-9f9e-d9262f89d22f",88,"M.Sc. Biomedical Computing"
1138,1139,"7bdaab43-40bf-4d14-8e87-ab1e7abbfc0c",86,"Business Administration"
1139,1140,"7df80154-3853-41de-bff7-2fe756c328d3",88,"B.Sc. Management & Technology"
1140,1141,"57a3cfae-972d-406c-9630-a53407414b0f",88,"M.Sc. Neuroengineering"
1141,1142,"9ffe7114-ca1f-4eb2-b016-9d3d100f5857",85,"Media Informatics"
1142,1143,"3c7dcc0b-943d-475f-b327-4110e5204c44",85,"Mathematics in Data Science"
1143,1144,"8ee08d2a-f8d1-4dde-967b-d381c1ed2dda",87,"Bachelor on Software Engineering and M.Sc. Data Analysis and Engineering"
1144,1145,"75d32767-6fe0-483a-a95b-55e2abb12831",73,"Physics"
1145,1146,"76fcf170-229c-4c75-b018-8ffca7f69bd2",89,"Information Systems"
1146,1147,"fa852a6e-014a-4007-8d13-82c163d0157f",75,"Informatics"
1147,1148,"dc470ffb-b2dd-4d93-820d-87fe56ef143d",88,"M.Sc. Management & Technology"
1148,1149,"e9cfb344-7941-4c61-9db2-257dd4523c5b",75,"Technical and Management oriented Business Administration"
1149,1150,"3f4a4767-8d32-4caa-b17f-1991bfa6b361",85,"Media, Management & Digital Technologies"
1150,1151,"8c1af545-21ea-4f3e-af0f-918b2a1aa456",75,"Informatics"
1151,1152,"7ea8101b-2619-4c9f-b69f-8581159bac87",85,"Media Informatics"
1152,1153,"f6fdeefa-df9c-44f7-93ad-25890771c9ea",75,"Information Systems"
1153,1154,"239c7963-507c-41dc-b5c6-b57207b18baf",85,"Computational Science and Engineering"
1154,1155,"55ea9a9d-909c-4fe2-bb36-a436cbed8898",75,"Physics"
1155,1156,"302a9f69-6600-425d-8cae-9039ac4a3cd7",86,"Management & Technology"
1156,1157,"1ef56db4-52b8-4df5-9960-e9167dc7e19d",82,"Electrical Engineering"
1157,1158,"62de1d2c-f155-43de-9479-e6b59857d3fb",85,""
1158,1159,"541f1e1c-3eab-4d3e-bcdf-4003d98c834d",75,"Business Administration"
1159,1160,"38a79f0c-6513-4437-8489-4711a1579467",82,"Business Administration"
1160,1161,"77dafa6e-a912-4a5a-9e88-0fe9cfffc040",86,"Informatics"
1161,1162,"eeb58f7d-8c71-4206-b6ab-08e0ba88b9ae",81,"Communications Engineering"
1162,1163,"9b6cc2fc-1ff0-42c3-9087-9afd878f2a28",75,"Consumer Affairs"
1163,1164,"afaedbf1-209e-438b-99ac-6fd1f674b80f",88,"B.Sc. Management & Technology"
1164,1165,"a91e2045-c533-4c65-b917-e9195b8d029c",74,"Management & Technology"
1165,1166,"386088c5-bfe4-4e63-9b15-52ab7ef0d62c",73,"Communications Engineering"
1166,1167,"257c4c9d-b832-4b83-9a28-47c2a10349ca",89,"Management & Technology"
1167,1168,"4d3e4ccc-62c9-44cb-8fd2-1c46a570881b",72,"Economics"
1168,1169,"92537fb8-277c-4b9a-9022-ebbd57811b7b",75,"Business Administration"
1169,1170,"ea09dc68-b0d4-44f2-ad7a-d93f0d7e43ee",72,"Computer Science"
1170,1171,"6bcb2833-f635-4dcd-ab1a-a17cdfc64fd9",88,"B.Sc. Informatics"
1171,1172,"b4c03e1e-aaf8-4de3-86ca-74f0094c1e2c",74,"Management & Technology"
1172,1173,"a5bf2af5-e220-4ec7-a7bb-4802b0603b29",88,"B.Sc. Information Systems"
1173,1174,"1dbe0827-a4b4-431f-acda-67e34996a410",75,"Computer Science"
1174,1175,"164362e9-52ce-4344-a72c-620c01ef7098",74,"Informatics"
1175,1176,"95a8ef18-c5cf-4658-9232-10c339dff5b7",88,"M.Sc. Management & Technology"
1176,1177,"de1702e2-0ca0-4eb9-b882-8c3ebe3e32cc",72,"Technology and Management"
1177,1178,"572f5354-8cbb-4135-b95f-72f34293d2d9",89,"Management & Technology"
1178,1179,"dbbe8fd6-b705-4696-8d2a-18a9fbfeeb7d",88,"M.Sc. Politics & Technology"
1179,1180,"5585733a-1c77-4973-9fd3-b2d6ce6aa342",72,"Information Systems"
1180,1181,"6108e5f0-2655-4127-9c6b-a0e4f6f2d418",89,"Economics"
1181,1182,"abb6fdd7-c8c2-42bc-ad4f-3e44448be2bb",74,"Power Engineering"
1182,1183,"45f5c273-5be9-4562-8663-2b813f7717b1",75,"Technical and Management oriented Business Administration"
1183,1184,"6c4afa1c-2d5e-4fa2-b1ff-4d02a4ec5eaf",73,"Wirtschaft mit Technologie"
1184,1185,"19980832-4e25-44cb-8508-927ac667a253",75,"Technical and Management oriented Business Administration"
1185,1186,"7855c291-820f-4ee3-b4f4-645e6f3fe179",86,"Information Systems"
1186,1187,"99050694-fcb1-4702-9b82-53c405d74e67",89,"Business Administration"
1187,1188,"b1056d05-00b4-497e-8dc3-25e77ae606f4",74,"Communication Science / Psychology"
1188,1189,"f99c5833-9d03-4f95-8b18-fadbc4780edf",88,"M.Sc. Electrical Engineering and Information Technology"
1189,1190,"a9f4a48a-542d-458a-b081-5d03e77ba459",86,"Electrical Engineering and Information Technology"
1190,1191,"10247710-6ebd-4fa0-94e9-3c8440b985d7",74,"Electrical Engineering and Information Technology"
1191,1192,"e81f89fc-6902-48b9-8635-5d71ed3ba1c3",91,"BSc in Informatics (TUM, Sapienza Università di Roma)"
1192,1193,"8b105fd7-ab4d-4e88-8eca-c63e5bcd77f0",72,"Technical and Management oriented Business Administration"
1193,1194,"fbd1b449-c9d7-43e0-9cea-e9bb1918390b",73,"Electrical Engineering & Information Technology"
1194,1195,"f92b212e-3f09-4d15-915e-3ada995526fb",91,"MSc in Management & Technology (TUM)"
1195,1196,"5a33faae-e5f1-4485-9139-57cb057527ff",72,"Technical and Management oriented Business Administration"
1196,1197,"13f2e719-1ab5-4f19-b09c-62cc09b27326",87,"B.Sc. International Business Administration and M.Sc. in Management & Technology"
1197,1198,"8a9b7b1c-b79a-43cb-af9f-ba451ee3cc65",88,"M.Sc. Neuroscience"
1198,1199,"6cd34dae-b31b-45d6-9206-2565259a3717",86,"Management & Technology"
1199,1200,"94daeb2c-14ce-4353-acc6-5f00adeda108",85,""
1200,1201,"8b0c8b7c-98a2-404c-a417-b948141cdde4",93,"Information Systems"
1201,1202,"fc8fb073-c192-446e-af2b-153a4b019956",91,"Bsc in Engineering Science (TUM)"
1202,1203,"044fd522-232d-44ca-ab24-97d99ed969ae",72,"Computer Science"
1203,1204,"a82cb803-283b-4ac3-a5de-d79ffa22eaaf",87,"M.Sc. in Media, Management and Digital Technologies"
1204,1205,"291cf090-ec2b-4c93-bbd8-45a890283929",91,"BSc in Computer Science and Economics (LMU)"
1205,1206,"2eb1f793-0e87-46f4-9591-86d0393654cc",72,"Philosophie / Volkswirtschaftslehre"
1206,1207,"36463004-b62e-4173-9a6f-788c90ee8a31",91,"BSc in Computer Science (TUM)"
1207,1208,"be3c76e1-cbfa-4ef8-8a82-77f2b396b35e",91,"MSc in Management & Digital Technologies (LMU)"
1208,1209,"e5ba805b-3302-491a-ac39-b364b9283f1e",93,"Computer Science"
1209,1210,"755af463-7b75-4c88-a393-7cd4aac414b5",74,"Informatics"
1210,1211,"ddcff0be-5aa5-4fa1-9a14-9e1a43dbefb8",86,"Management & Technology"
1211,1212,"2f787d3b-d689-405c-9bc4-57b9de2526bc",93,"Computer Science"
1212,1213,"2ee1d223-f44e-437e-b137-9d79093b7116",93,"Electrical and Computer Engineering"
1213,1214,"1ff8fdc1-4d8d-4268-9ee8-ffbd44688b76",93,"Law"
1214,1215,"2b2da64d-7243-4c6c-816a-4c89169a1f5f",73,"Elektro- und Informationstechnik"
1215,1216,"646bf9e6-9abf-4f15-bb6d-2c4e536db4d7",93,"Computer Science"
1216,1217,"e4e64b58-1866-4412-acee-fee71ad9a787",93,"Data Engineering and Analytics"
1217,1218,"2139d872-f30f-40a0-a6b9-6ec655971f0d",93,"Medicine"
1218,1219,"8694da2d-dede-4432-8cc0-a0a2b131bb93",75,"Economics"
1219,1220,"6905229e-1dbf-47c7-8f9a-1f1d83520826",93,"Mechanical Engineering"
1220,1221,"83bff231-b715-46f5-a89f-728cb1367fd9",86,"Mechanical Engineering & Management"
1221,1222,"ac5a8c85-2093-4cee-a557-922498628c19",88,"M.Sc. Informatics"
1222,1223,"b16aa2fa-1a69-4df6-a138-ce6b3c563d90",88,"M.Sc. Management"
1223,1224,"88d7531e-10f9-4b32-8ddf-dd1461338dc8",86,"Informatics"
1224,1225,"63d1057e-f27b-4898-b4d5-7daff8b411a6",89,"Electrical Engineering and Information Technology"
1225,1227,"ed309f97-b336-4c35-8c16-860966a72b04",87,"Bachelor in Technology & Management, Bachelor in Mechanical Engineering and Master in Robotics, Cognition & Intelligence"
1226,1226,"4c815322-46af-43d6-ba2f-f07c5096914a",85,"Management & Technology"
1227,1228,"b03ab8b2-2c26-4ca9-90df-53050a08d3ee",78,"Business Administration"
1228,1229,"e54aed44-7143-4ea9-8f80-ee51fa286a81",90,"Management & Technology"
1229,1230,"710ca46d-e976-4cf9-9997-092c5b658419",89,"Computer Science"
1230,1231,"2f79f56e-52b0-452c-9a7d-45d84ca8c62e",72,"Wirtschaft mit Technologie"
1231,1232,"7fb5ed9c-3f30-419f-ad57-657d6fa6ba2b",73,"Elektro- und Informationstechnik"
1232,1233,"9dad791a-8c9b-45d2-9090-52e3136de46f",86,"Business Administration"
1233,1235,"9501faf7-3eae-49b4-8895-d937d2cbd9b1",87,"B. Eng. Electrical Engineering - Vehicle Electronics  M. Sc. Electrical Engineering and Information Technology"
1234,1234,"dd188fe8-ee70-4a47-9e05-4358b676346c",90,"Management & Technology"
1235,1236,"bbd57af1-5fc7-4277-b5e7-11ca29ddac63",85,""
1236,1237,"ec2d2337-9994-4c8e-8817-704e99069b6f",76,"Business Administration & Economics"
1237,1238,"86b69e44-d1a5-4057-bc81-364a2029f52e",87,"BA. Corporate Management and Economics and M.Sc. in Management & Technology"
1238,1239,"9affc81a-cc59-40f3-942b-479bcfddcaba",77,"Computer Science"
1239,1240,"25770959-57ab-460b-9be8-45bcb8003ad4",85,"Management & Technology"
1240,1241,"cf531849-55ad-4668-b655-b4349bc4366e",76,"Computational Linguistics"
1241,1242,"3ae0b4c2-6d4b-479c-85d7-a22513004640",74,"Informatics"
1242,1243,"0e225642-1034-4b2c-bde9-0ec2e774a2cc",77,"Media Informatics"
1243,1244,"34103074-5feb-4b82-900b-4245354b4429",87,"B.Sc. in Engineering Science and M.Sc. in Robotics, Cognition and Inteligence"
1244,1246,"56fc4795-1ebb-4124-9179-cae1d43aa13b",77,"Media Informatics"
1245,1245,"07764df4-f678-49c4-90c1-838868b923cd",86,"Data Engineering & Analytics"
1246,1248,"0dd8aca4-1594-4a54-87f5-9236365dc7d9",76,"Computer Science"
1247,1247,"050dfc07-b266-43d7-8dfd-c5d874aafb2c",85,"Management & Technology"
1248,1249,"b00590a6-e748-4e1a-a42d-9d714e5fa71f",76,"Electrical Engineering and Information Technology"
1249,1250,"911c8930-90c1-4e3f-b9fa-7094528f1247",77,"Management and Technology, Psychology"
1250,1251,"d70175f9-09ec-4dec-a939-f263ae391da2",86,"Business Administration"
1251,1252,"0ebcab82-3b13-41f9-9e35-c393896a98f8",77,"Consumer Affairs"
1252,1253,"14cfc97a-4f53-4831-8be7-b04257871101",77,"Management and Physics"
1253,1254,"5956341f-00e3-4c60-861c-0e4c863699e5",75,"Biomedical Computing"
1254,1255,"b9ed2777-df78-4c86-8515-be0b7ddff167",86,"Management & Technology"
1255,1256,"b444fd5a-387b-4a1f-88a1-7a352c7e87dc",74,"Communications Engineering"
1256,1257,"4904ca94-15b5-419c-a684-c9364e3ceed8",87,"B.Sc. in Industrial Engineering and M.Sc. in Mechanic Engineering"
1257,1258,"7ec7faae-0e6a-44b7-89a4-2d69f723ffec",85,"Robotics, Cognition, Intelligence"
1258,1259,"4cb5e7b8-c429-439d-b530-351545d738d8",85,"Management & Technology"
1259,1260,"6ab5d514-264d-42c1-a1d7-bf122b904fb4",75,"Law and Technical and Management oriented Business Administration"
1260,1261,"86f45bf1-0d57-4acd-bd05-b6d4b1308174",85,"Robotics, Cognition, Intelligence"
1261,1262,"362580b0-bb87-4220-8206-4f546ef865dc",74,"Business Administration"
1262,1263,"bfdced00-c43d-4b90-a904-896a67c4e0e3",85,"Management & Technology"
1263,1264,"94782d18-b884-4593-a3d8-b12316df985d",85,""
1264,1265,"edd66bd6-72c4-41dc-aaa2-3d975f3f4768",85,"Industrial Design"
1265,1266,"00d82fd3-3d52-4703-b3f4-2e54d0d0bd96",77,"Computer Science"
1266,1267,"ce06567a-6186-4950-845d-d89e88119910",85,"Management & Technology"
1267,1268,"43d12e36-7e07-433a-ac92-bf978666d9f2",83,"Electrical Engineering"
1268,1269,"d31ea280-bbf0-4bc7-ad58-7df055ccfa3c",75,"Management and Technology"
1269,1285,"371a7f8e-a497-4ab9-9cd7-d531c4a3b0d3",96," Data Engineering and Analytics"
1270,1286,"ac84f090-b918-4e45-955d-3b57544fbe04",96,"Management & Technology"
1271,1287,"daa5241b-0f97-4b98-99a1-1e4cbd943d30",96,"Mathematics, Physics"
1272,1288,"722a00df-769f-4b05-b3e6-8f060c1b340c",96,"Information Systems"
1273,1289,"2d6728a5-ebd1-486c-8416-4cedfe0b38b4",96,"Media Technology"
1274,1290,"541db212-6808-4ae3-a96d-e0b79bf0d0ae",96,"Management, Chemical Engineering"
1275,1291,"962cf166-974f-4d69-9cb8-41ed1548d666",96,"Computer Science"
1276,1292,"71b6c7a8-2e82-49be-b05c-a529fc32eeaf",96,"Robotics, Cognition, Intelligence"
1277,1293,"1ca5ac82-a9e1-4154-8e4d-2405bd7ea075",96,"Management & Technology"
1278,1294,"355881c3-94ed-4f74-ac21-462f29f7b873",96,"Robotics, Cognition, Intelligence"
1279,1295,"e0b858eb-bfd0-4ac7-995b-34a87deb6cc5",96,"Robotics, Cognition, Intelligence"
1280,1296,"00b4cfc8-846a-40ad-9a8e-215936ea72b6",96,"Management & Technology"
1281,1297,"768f5c23-97ea-4c5f-8214-405fcc5d8943",96,"Management & Technology"
1282,1298,"384ed5dd-a637-423d-8a2c-ee0cb5fe8631",96,"Computer Science and Statistics"
1283,1299,"d0dff486-d07d-4508-be90-31c14aefd4b0",96,"Management & Technology"
1284,1300,"164e9fa8-1cb7-4163-99e0-d15565c0eddb",96,"Management & Technology"
1285,1301,,,"Computational Science and Engineering"
1286,1302,"52ad735c-c62a-4e2d-9bde-0811d720c1f6",96,"Mathematics"
1287,1303,"e45aeb1c-12eb-40d7-a4ef-e00634fb85a0",96,"Management & Technology"
1288,1304,"9f0f8d09-fb95-4c9f-a325-e99d1decccc3",96,"Management & Technology"
1289,1305,"3025b3a4-b6cc-405b-9864-fb3b8e85a4bf",96,"Computer Science"
1290,1306,"383d0aae-6bd6-41d5-88c9-c3ef1b640b23",96,"Development, Production and Management in Mechanical Engineering"
1291,1307,"55d3b615-6141-43fb-a971-1da567c86976",96,"Medicine"
1292,1308,"cb75eb54-429e-4f94-b5b7-0f5a4d236f16",96,"Information Systems"
1293,1309,"926ac749-652b-4c19-8216-cab1e23afc18",96,"Environmental Engineering"
1294,1310,"383d7f06-617c-4ebb-9500-afc819616b09",96,"Psychology"
1295,1311,,67,"Business Administration, Mathematics"
1296,1312,,62,"Business Administration"
1297,1314,,52,"Business Administration"
1298,1315,,67,"Electrical Engineering"
1299,1316,,67,"Business Administration"
1300,1317,,64,"Technology oriented Business Administration"
1301,1318,,69,"Technology and Management oriented Business Administration"
1302,1319,,69,"Technology and Management oriented Business Administration"
1303,1320,,66,"Information Systems"
1306,1324,,57,
1307,1325,,57,
1308,1326,,57,
1309,1327,,57,
1310,1328,,57,
1311,1329,,57,
1312,1330,,57,
1313,1331,,57,
1314,1332,,57,
1315,1333,,57,
1316,1334,,57,
1317,1335,,57,
1318,1336,,57,
1319,1337,,57,
1320,1338,,57,
1321,1339,,57,
1322,1340,,57,
1323,1341,,57,
1324,1342,,60,"Electrical Engineering"
1325,1343,,60,"Electrical Engineering"
1326,1344,,60,"Media Computer Science"
1327,1345,,60,"Business Administration"
1328,1346,,60,"Mathematics"
1329,1347,,60,"Mathematics"
1330,1348,,60,"Physics"
1331,1349,,60,"Computer Science"
1332,1350,,60,"Media Computer Science"
1333,1351,,60,"Electrical Engineering"
1334,1352,,60,"Business Administration"
1335,1353,,60,"Economics"
1336,1354,,60,"Electrical Engineering"
1337,1355,,60,"Business Administration"
1338,1356,,60,"Computer Science"
1339,1357,,60,"Economics"
1340,1358,,60,"Mathematics"
1341,1359,,60,"Computer Science"
1342,1360,,69,"Media Informatics"
1343,1361,,69,"Communications Engineering"
1344,1362,,69,"Aerospace Engineering"
1345,1363,,69,"Electrical Engineering and Information Technology"
1346,1364,,69,"Mechanical Engineering"
1347,1365,,69,"Media Informatics"
1348,1366,,69,"Technology & Management"
1349,1367,,69,"Business Administration"
1350,1368,,69,"Economics"
1351,1369,,69,"Mathematics"
1352,1370,,69,"Computer Science"
1353,1371,,69,"Business Administration"
1354,1372,,69,"Technology and Management oriented Business Administration"
1355,1373,,69,"Economics"
1356,1374,,69,"Mechanical Engineering"
1357,1375,,69,"Business Administration"
1358,1376,,69,"Information Systems"
1359,1377,,69,"Economics"
1360,1378,,69,"Media Informatics"
1361,1379,,69,"Communications Engineering"
1362,1380,,69,"Media Informatics"
1363,1381,,70,"Computer Science"
1364,1382,,70,"Business Administration"
1365,1383,,70,"Political Sciences"
1366,1384,,70,"Business Administration"
1367,1385,,70,"Industrial & Systems Engineering"
1368,1386,,70,"Information Systems"
1369,1387,,70,"Electrical Engineering and Information Technology"
1370,1388,,70,"Physics"
1371,1389,,70,"Economics"
1372,1390,,70,"Computer Science"
1373,1391,,70,"Electrical Engineering and Information Technology"
1375,1393,,70,"Mechanical Engineering"
1376,1394,,70,"Communications Engineering"
1377,1395,,70,"Technology & Management"
1378,1396,,70,"Media Computer Science"
1379,1397,,70,"Business Administration"
1380,1398,,70,"Technology & Management"
1381,1399,,70,"Communications Engineering"
1382,1400,,70,"Technology & Management"
1383,1401,,70,"Computer Science"
1384,1402,,70,"Electrical Engineering and Information Technology"
1409,1427,,71,
1410,1428,,71,
1411,1429,,71,
1412,1430,,71,
1413,1431,,71,
1414,1432,,71,
1415,1433,,71,
1416,1434,,71,
1417,1435,,71,
1418,1436,,71,
1419,1437,,71,
1420,1438,,71,
1421,1439,,71,
1422,1440,,71,
1423,1441,,71,
1424,1442,,71,
1425,1443,,71,
1426,1444,,71,
1427,1445,,71,
1428,1446,,71,
1429,1447,,71,
1430,1448,,71,
1431,1449,,71,
1432,1450,,71,
1433,1451,,61,
1434,1452,,61,
1435,1453,,61,
1436,1454,,61,
1437,1455,,61,
1438,1456,,61,
1439,1457,,61,
1440,1458,,61,
1441,1459,,61,
1442,1460,,61,
1443,1461,,61,
1444,1462,,61,
1445,1463,,61,
1446,1464,,61,
1447,1465,,61,
1448,1466,,61,
1449,1467,,61,
1450,1468,,61,
1451,1469,,61,
1452,1470,,61,
1453,1471,,59,
1454,1472,,59,
1455,1473,,59,
1456,1474,,59,
1457,1475,,59,
1458,1476,,59,
1459,1477,,59,
1460,1478,,59,
1461,1479,,59,
1462,1480,,59,
1463,1481,,59,
1464,1482,,59,
1465,1483,,59,
1466,1484,,59,
1467,1485,,59,
1468,1486,,59,
1469,1487,,59,
1470,1488,,59,
1471,1489,,59,
1472,1490,,58,
1473,1491,,58,
1474,1492,,58,
1475,1493,,58,
1476,1494,,58,
1477,1495,,58,
1478,1496,,58,
1479,1497,,58,
1480,1498,,58,
1481,1499,,58,
1482,1500,,58,
1483,1501,,58,
1484,1502,,58,
1485,1503,,58,
1486,1504,,58,
1487,1505,,58,
1488,1506,,58,
1489,1507,,58,
1490,1508,,56,
1491,1509,,56,
1492,1510,,56,
1493,1511,,56,
1494,1512,,56,
1495,1513,,56,
1496,1514,,56,
1497,1515,,56,
1498,1516,,56,
1499,1517,,56,
1500,1518,,56,
1501,1519,,56,
1502,1520,,56,
1503,1521,,56,
1504,1522,,56,
1505,1523,,56,
1506,1524,,56,
1507,1525,,56,
1528,1546,,55,
1529,1547,,55,
1530,1548,,55,
1531,1549,,55,
1532,1550,,55,
1533,1551,,55,
1534,1552,,55,
1535,1553,,55,
1536,1554,,55,
1537,1555,,55,
1538,1556,,55,
1539,1557,,55,
1540,1558,,55,
1541,1559,,55,
1542,1560,,55,
1543,1561,,55,
1544,1562,,55,
1545,1563,,55,
1546,1564,,55,
1547,1565,,55,
1548,1566,,54,
1549,1567,,54,
1550,1568,,54,
1551,1569,,54,
1552,1570,,54,
1553,1571,,54,
1554,1572,,54,
1555,1573,,54,
1556,1574,,54,
1557,1575,,54,
1558,1576,,54,
1559,1577,,54,
1560,1578,,54,
1561,1579,,54,
1562,1580,,54,
1563,1581,,54,
1564,1582,,54,
1565,1583,,54,
1566,1584,,54,
1567,1585,,54,
1568,1586,,54,
1569,1587,,54,
1570,1588,,54,
1571,1589,,53,
1572,1590,,53,
1573,1591,,53,
1574,1592,,53,
1575,1593,,53,
1576,1594,,53,
1577,1595,,53,
1578,1596,,53,
1579,1597,,53,
1580,1598,,53,
1581,1599,,53,
1582,1600,,53,
1583,1601,,53,
1584,1602,,53,
1585,1603,,53,
1586,1604,,53,
1587,1605,,53,
1588,1606,,53,
1589,1607,,53,
1590,1608,,53,
1591,1609,,53,
1592,1610,,53,
1593,1611,,53,
1594,1612,,52,
1595,1613,,52,
1596,1614,,52,
1597,1615,,52,
1598,1616,,52,
1599,1617,,52,
1600,1618,,52,
1601,1619,,52,
1602,1620,,52,
1603,1621,,52,
1604,1622,,52,
1605,1623,,52,
1606,1624,,52,
1607,1625,,52,
1608,1626,,52,
1609,1627,,52,
1610,1628,,52,
1611,1629,,52,
1612,1630,,51,
1613,1631,,51,
1614,1632,,51,
1615,1633,,51,
1616,1634,,51,
1617,1635,,51,
1618,1636,,51,
1619,1637,,51,
1620,1638,,51,
1621,1639,,51,
1622,1640,,51,
1623,1641,,51,
1624,1642,,51,
1625,1643,,51,
1626,1644,,51,
1627,1645,,51,
1628,1646,,51,
1629,1647,,97,
1630,1648,,97,
1631,1649,,97,
1632,1650,,97,
1633,1651,,97,
1634,1652,,97,
1635,1653,,97,
1636,1654,,97,
1637,1655,,97,
1638,1656,,97,
1639,1657,,97,
1640,1658,,97,
1641,1659,,97,
1642,1660,,97,
1643,1661,,97,
1644,1662,,97,
1645,1663,,97,
1646,1664,,97,
1647,1665,,97,
1648,1666,,97,
1649,1667,,97,
1650,1668,,97,
1651,1669,,97,
1652,1670,,97,
1653,1671,,97,
1654,1672,,98,
1655,1673,,98,
1656,1674,,98,
1657,1675,,98,
1658,1676,,98,
1659,1677,,98,
1660,1678,,98,
1661,1679,,98,
1662,1680,,98,
1663,1681,,98,
1664,1682,,98,
1665,1683,,98,
1666,1684,,98,
1667,1685,,98,
1668,1686,,98,
1669,1687,,98,
1670,1688,,98,
1671,1689,,98,
1672,1690,,98,
1673,1691,,98,
1674,1692,,98,
1675,1693,,98,
1676,1694,,98,
1677,1695,,98,
1678,1696,,100,
1679,1697,,100,
1680,1698,,100,
1681,1699,,99,"Business Administration"
1682,1700,,100,
1683,1701,,100,
1684,1702,,100,
1685,1703,,100,
1686,1704,,100,
1687,1705,,100,
1688,1706,,100,
1689,1707,,100,
1690,1708,,100,
1691,1709,,100,
1692,1710,,100,
1693,1711,,100,
1694,1712,,100,
1695,1713,,100,
1696,1714,,100,
1697,1715,,100,
1698,1716,,100,
1699,1717,,100,
1700,1718,,100,
1701,1719,,100,
1702,1720,,100,
1703,1721,,100,
1704,1722,,100,
1705,1723,,100,
1706,1724,,99,
1707,1725,,99,
1708,1726,,99,"Electrical Engineering"
1709,1727,,99,"Business Administration"
1710,1728,,99,"Electrical Engineering"
1711,1729,,99,"Business Administration"
1712,1730,,99,"Electrical Engineering"
1713,1731,,99,"Construction Engineering"
1714,1732,,99,"Business Administration"
1715,1733,,99,"Electrical Engineering"
1716,1734,,99,"Business Administration"
1717,1735,,99,"Computer Science"
1718,1736,,99,"Electrical Engineering"
1719,1737,,99,
1720,1738,,99,"Business Administration"
1721,1739,,99,"Computer Science"
1722,1740,,99,"Electrical Engineering"
1723,1741,,99,"Business Administration"
1724,1742,,99,"Electrical Engineering"
1725,1743,,99,"Business Administration"
1726,1744,,99,"Computer Science"
1762,1780,,50,
1763,1781,,50,
1764,1782,,50,
1765,1783,,50,
1766,1784,,50,
1767,1785,,50,
1768,1786,,50,
1769,1787,,50,
1770,1788,,50,
1771,1789,,50,
1772,1790,,50,
1773,1791,,50,
1774,1792,,50,
1775,1793,,50,
1776,1794,,50,
1777,1795,,50,
1778,1796,,50,
1779,1797,,50,
1780,1798,,50,
1781,1799,,50,
1782,1800,,50,
1783,1801,,50,
1784,1802,,50,
1785,1803,,50,
1786,1804,,50,
1787,1805,,50,
1788,1806,,50,
1789,1807,,50,
1790,1808,,50,
1791,1809,,50,
1792,1810,,50,
1793,1811,,50,
1794,1812,,50,
1795,1813,,50,
1796,1814,,50,
1797,1815,,49,
1798,1816,,49,
1799,1817,,49,
1800,1818,,49,
1801,1819,,49,
1802,1820,,49,
1803,1821,,49,
1804,1822,,49,
1805,1823,,49,
1806,1824,,49,
1807,1825,,64,"Communication Engineering"
1808,1826,,64,"Technology oriented Business Administration"
1809,1827,,64,"Political Sciences"
1810,1828,,64,"Business Administration"
1811,1829,,64,"Information Systems"
1812,1830,,64,"Technology oriented Business Administration"
1813,1831,,64,"Business Administration"
1814,1832,,64,"Economics"
1815,1833,,64,"Computer Science"
1816,1834,,64,"Electrical Engineering"
1817,1835,,64,"Computational Science and Engineering"
1818,1836,,64,"Industrial Design"
1819,1837,,64,"Book Sciences"
1820,1838,,64,"Technology oriented Business Administration"
1821,1839,,64,"Electrical Engineering"
1822,1840,,64,"Business Administration"
1823,1841,,64,"Computer Science"
1824,1842,,64,"Communication Engineering"
1825,1843,,62,"Business Administration"
1826,1844,,62,"Computer Science"
1827,1845,,62,"Computer Science"
1828,1846,,62,"Media Informatics"
1829,1847,,62,"Business Administration"
1830,1848,,62,"Communication Engineering"
1831,1849,,62,"Electrical Engineering"
1832,1850,,62,"Mechatronics"
1833,1851,,62,"Computer Science"
1834,1852,,62,"Physics"
1835,1853,,62,"Political Science"
1836,1854,,62,"Business Administration"
1837,1855,,62,"Business Administration"
1838,1856,,62,"Economic Education"
1839,1857,,62,"Mechatronics"
1840,1858,,62,"Electrical Engineering"
1841,1859,,62,"Media Computer Science"
1842,1860,,62,"Computer Science"
1843,1861,,63,"Media Computer Science"
1844,1862,,63,"Business Administration"
1845,1863,,63,"Electrical Engineering"
1846,1864,,63,"Electrical Engineering"
1847,1865,,63,"Electrical Engineering"
1848,1866,,63,"Business Administration"
1849,1867,,63,"Business Administration"
1850,1868,,63,"Business Administration"
1851,1869,,63,"Electrical Engineering"
1852,1870,,63,"Information Systems"
1853,1871,,63,"Business Administration"
1854,1872,,63,"Media Computer Science"
1855,1873,,63,"Computer Science"
1856,1874,,63,"Business Administration"
1857,1875,,63,"Business Administration"
1860,1878,,63,"Business Administration"
1861,1879,,63,"Business Administration"
1862,1880,,63,"Mathematics & Computer Science"
1863,1881,,63,"Electrical Engineering"
1864,1882,,66,"Technology oriented Business Administration"
1865,1883,,66,"Physics"
1866,1884,,66,"Mechanical Engineering and Management"
1867,1885,,66,"Technology oriented Business Administration"
1868,1886,,66,"Business Administration"
1869,1887,,66,"Mathematics, Technology oriented Business Administration"
1870,1888,,66,"Electrical Engineering"
1871,1889,,66,"Information Systems"
1872,1890,,66,"Communications Engineering"
1873,1891,,66,"Computer Science"
1874,1892,,66,"Bioinformatics"
1875,1893,,66,"Business Administration"
1876,1894,,66,"Electrical Engineering and Information Technology"
1877,1895,,66,"Media Computer Science"
1878,1896,,66,"Information Systems"
1879,1897,,66,"Technology oriented Business Administration"
1880,1898,,66,"Industrial Design"
1881,1899,,66,"Economics"
1882,1900,,66,"Technology oriented Business Administration"
1883,1901,,66,"Economics"
1884,1902,,67,"Physics"
1885,1903,,67,"Physics"
1886,1904,,67,"Computer Science"
1887,1905,,67,"Communications Engineering"
1888,1906,,67,"Business Administration"
1889,1907,,67,"Media Computer Science"
1890,1908,,67,"Business Administration"
1891,1909,,67,"Business Administration"
1892,1910,,67,"Computer Science"
1893,1911,,67,"Philosophy & Economics"
1894,1912,,67,"Business Administration"
1895,1913,,67,"Business Administration"
1896,1914,,67,"Communications Engineering"
1897,1915,,67,"Business Administration"
1898,1916,,67,"Political Science"
1899,1917,,67,"Information Systems"
1900,1918,,67,"Information Systems"
1901,1919,,67,"Computational Science and Engineering"
1902,1920,,67,"Business Administration"
1903,1921,,67,"Physics"
1904,1922,,67,"Mathematics"
1905,1923,,67,"Business Administration"
1906,1924,,67,"Business Administration"
1907,1925,,68,"Computational Linguistics"
1908,1926,,68,"Technology and Management oriented Business Administration"
1909,1927,,68,"Technology and Management oriented Business Administration"
1910,1928,,68,"Electrical Engineering and Information Technology"
1911,1929,,68,"Electrical Engineering and Information Technology"
1912,1930,,68,"Computer Science"
1913,1931,,68,"Business Administration"
1914,1932,,68,"Electrical Engineering and Information Technology"
1915,1933,,68,"Psychology, Anthropology"
1916,1934,,68,"Computer Science"
1917,1935,,68,"Technology and Management oriented Business Administration"
1918,1313,,68,"Technology and Management oriented Business Administration"
1919,1937,,68,"Mechanical Engineering and Management"
1920,1938,,68,"Technology and Management oriented Business Administration"
1921,1939,,68,"Electrical Engineering and Information Technology"
1922,1940,,68,"Industrial Design"
1923,1941,,68,"Media Informatics"
1924,1942,,68,"Computer Science"
1925,1943,,68,"Media Informatics"
1926,1944,,68,"Business Administration, Computational Science and Engineering"
1927,1945,,68,"Consumer Affairs"
1928,1946,,51,
1929,1949,,57,
1930,1950,,99,"Business Administration"
1931,1951,,53,
1932,1952,,50,
1933,1953,,54,
1934,1957,"2260b8a6-5204-4f6c-a2c7-563868317dba",102,"International Business"
1935,1958,"e7c910a5-2290-4839-aed9-44607470d45b",102,"Chemical Engineering"
1936,1959,"904d1260-e8ad-4bf8-934a-fd75631ce04c",102,"Data Science"
1937,1960,"2af6e2d2-ab6b-4d7b-b466-c4e328873e8e",102,"Data Science"
1938,1961,"daf7528e-4e1f-43a1-bd45-cd8417565300",102,"Artificial Intelligence, Pattern Recognition and Digital Imaging"
1939,1962,"ba5b1fc4-2098-4715-8d92-6f785f918e14",102,"Business Administration"
1940,1963,"ce3548f0-af85-4202-b9b3-b636d752ea41",102,"Biomedical Engineering"
1941,1964,"6ab32090-7ce8-4d15-bbdc-1d164c335641",102,"Biomedial Engineering"
1942,1965,"6db7f9ba-c7f8-49b7-a5bd-a3925190ab28",102,"Mathematics"
1943,1966,"0f4f54f2-e513-45c7-ac3f-6c490cd35780",102,"Computer Engineering"
1944,1967,"b2f00fd3-8e62-4644-a769-1f97033bfa32",102,"Machine Learning"
1945,1968,"ad625ade-169d-48dc-99ed-7c0a9240843a",102,"Business Strategy"
1946,1969,"2b875e7f-c0ec-433c-897a-294dd1785d88",102,"Computer Science"
1947,1970,"fd579099-e627-4e8d-8388-eb0e9d141b6a",102,"Software Engineering"
1948,1971,"044385a7-1b4a-4346-9113-ff3c17e97b31",102,"Business Administration"
1949,1972,"28c335de-054a-4167-8054-a23eff405308",102,"Multimedia Engineering"
1950,1973,"8e217230-e09d-44fc-bbea-219041ab3ef7",102,"Energy Engineering"
1951,1974,"c946498f-72b9-4340-9069-8215a79ee53e",102,"Business and Law"
1952,1975,"11da1a83-5c79-4d1b-8a14-57d9627e6bb5",102,"Fine Arts"
1953,2000,"f2609c64-261a-440f-8d5f-1979199c07b3",103,"Management & Technology"
1954,2001,"ca50b615-a207-4c1f-8f47-12eff49b8f9b",103,"Information Systems"
1955,2002,"58d4d1f8-3552-458c-aa65-72c1f7f3bd8c",103,"Management & Technology"
1956,2003,"618a6594-d4da-4527-ae71-13a06edc5477",103,"Economics"
1957,2004,"f7abe2f4-0aef-4a81-b477-4be0ee425af2",103,"Management & Technology "
1958,2005,"b751399a-a2f1-4e94-b1ab-6bd4c0536ac1",103,"Philosophy"
1959,2006,"e1f3f67b-9c32-47a8-8467-5f9c606e0d1c",103,"Computer Science"
1960,2007,"d9ee88c9-9109-487a-ba7f-cfbbc8f9ce06",103,"Electrical Engineering and Information Technology"
1961,2008,"c357f87c-388e-4e01-a493-2044d245ceaa",103,"Management & Technology"
1962,2009,"315c508b-3c84-4fa8-8e05-2993700e975a",103,"Computer Science"
1963,2010,"48d3ee32-8daa-4b9a-b918-b82871912fdc",103,"Computer Science & Statistics"
1964,2011,"c23aed09-85ff-4f47-aa03-8938cdcc8051",103,"Management & Technology"
1965,2012,"e0f2ea00-2425-4847-b6a6-5bd28ee17b00",103,"Responsibility in Science, Engineering & Technology "
1966,2013,"58811c01-ec75-49e3-a103-b2ebad0035b2",103,"Computer Science"
1967,2014,"4b7b1852-ba06-483e-b6ce-1a529019a576",103,"Management & Technology "
1968,2015,"0e70f671-3814-4aa5-9ce7-48593112484d",103,"Computer Science"
1969,2016,"30b317e7-d69e-4e4b-98a0-4d745da83f26",103,"Management & Technology"
1970,2017,"ad09f470-386d-428e-930a-58a55f645f2d",103,"Electrical Engineering & Information Technology"
1971,2018,"2228e854-e3dc-46f6-ab6a-a104d6f357aa",103,"Human Computer Interaction "
1972,2019,"9aafb569-24bc-456d-88ab-981d8a2d8ad3",103,"Management & Technology "
1973,2020,"3f89665a-b178-41a4-825f-3d369888e659",103,"Information Systems"
1974,2021,"bf753562-fa13-41eb-aac7-de03aa654609",103,"Management & Technology"
1975,2022,"0d6e7f17-01b9-4317-878c-02efa769ce16",103,"Management & Technology"
1976,2023,"e05058fa-4e08-4888-899e-c8aa00044d97",103,"Management & Technology"
1977,2024,"ed5f2734-7da1-482c-827a-3f92a3018a60",103,"Computer Science"
1978,2025,"d28041c6-2bcc-48a6-8843-a650fe33cf61",103,"Electrical Engineering & Information Technology "
1979,2035,"ae8e8c49-5098-4c77-b629-c2733d7698e1",95,"Civil Engineering"
1980,2036,"d656fb0f-630e-472b-8bb2-f8acbe72261f",95,"Architecture"
1981,2037,,95,"Architecture"
1982,2038,"3fed789d-0fa3-4c01-9bde-8c746ed45eca",95,"Informatics Engineering"
1983,2039,"ee40e3d0-5721-4771-957f-3ea637754d27",95,"Industrial Technologies Engineering"
1984,2040,"fc8fe992-8bbd-49fb-9a55-04e26498ccb6",95,"IT Management"
1985,2041,"51c8c8c0-55ee-4660-8ea8-aa2776467882",95,"Biotechnology"
1986,2042,"29fd7d43-e1e4-4716-8526-4c6dc402b2b6",95,"Telecommunications Engineering"
1987,2043,"2521413f-c521-4bf7-b18d-5cf8a83314a3",95,"Biomedical Biotechnology"
1988,2044,"144357cd-c04d-4b41-a4ca-33d298978c9e",95,"Artificial Intelligence"
1989,2045,"68ebdfb0-733c-4ddb-8ae8-f448aebdc4df",95,"Food Science"
1990,2046,"9c91f335-4c60-4f24-87ce-ad1bc3b3530f",95,"Multimedia Engineering"
1991,2047,"ba344588-546d-470f-9edb-d6a21636f4e3",95,"Business Intelligence & Analytics"
1992,2048,"7c7b3efa-60d8-41de-ab23-50db1154498a",95,"International Business"
1993,2049,"19158544-948a-4037-aeff-5be7e6ba0064",95,"Legal Tech & Compliance"
1994,2050,,95,"Mechanical Engineering"
1995,2054,"5d7364db-ae78-41c2-ac2e-c1587726011d",104,"International Business"
1996,2055,"426c528e-3012-4cb8-ba29-4a2ab88f62db",104,"Computer Science"
1997,2056,"1d9ac912-9726-46c5-b3e6-82af0b9d5bcd",104,"Electronics"
1998,2057,"1ad193fb-9fbb-4281-89ea-ac6a2759e733",104,"Engineering Informatics & Business Administration"
1999,2058,"694862cb-426e-40ce-ae1d-505d0e7c9f6b",104,"Electrical Engineering"
2000,2059,"492394dc-bd53-4425-945e-488c719b6703",104,"Business Innovation Management"
2001,2060,"ce28de02-32d0-41e8-8886-4fa555340052",104,"Industrial Design and Product Development Engineering"
2002,2061,"bf8005a7-3077-4d98-96ee-d8bb60748115",104,"AI & Computer Engineering"
2003,2062,"98a59ee8-f843-4b0c-b0ca-548a62066fd7",104,"Physics & Mathematics"
2004,2063,"11d9d5db-fc3b-48c3-b131-212f9a474331",104,"International Business"
2005,2064,"30715947-f6bb-4b6f-a775-3ae75f2966c0",104,"Economics"
2006,2065,"3a482ffc-50a0-40b0-a4e3-2bdc8a434ac9",,"Computer Science"
2007,2066,"65cc7926-d565-4458-847f-6b3778fba137",104,"Mechanical Engineering"
2008,2067,"aa1946e2-53b8-4a37-af2f-045c7450be8e",104,"Data Science"
2009,2068,"99c682e5-3df6-4155-84a7-d8f8a2ce4a6a",104,"Medicine"
2010,2069,"7d518adf-1d2b-4206-b60d-982debec9c93",104,"Computer Engineering"
2011,2070,"786815ae-b54c-4667-a0da-36e70c76b72e",,"Bioinformatics"
2012,2071,"cf57a6bd-711f-4951-9512-8a9b44936905",105,"Information Systems"
2013,2072,"4dcae84e-33de-41f4-a388-ff50f79b5ac2",105,"Architecture"
2015,2074,"27e94602-16d8-40ac-b9ca-126df94e299a",105,"Computer Science"
2016,2075,"121fc3fe-87e9-4daf-8822-e8902a339c34",105,"Business Administration"
2017,2076,"967cd440-1640-4bbb-b74a-32d7f4ecbf49",105,"Human-Computer Interaction"
2018,2077,"8caa861c-75a0-4bd9-9f36-52c16c89442d",105,"Computational Science & Engineering"
2019,2078,"2c2e11cb-4187-41c0-8ff6-f5ae9d408298",105,"Information Systems"
2020,2079,"27f02c88-2df8-4020-bd96-c17407c502ef",105,"Management & Technology"
2021,2080,"c077ea62-2177-48e8-a103-4848fd25d5ec",105,"Data Science"
2022,2081,"8d34a5d1-7069-49bd-9f1e-f62edd8c2d4a",105,"Data Science"
2023,2082,"82535b3b-7eac-4540-844c-4a8af692c618",105,"Management & Technology"
2024,2083,"44781739-4a9a-4227-bf01-b34579fe1be0",105,"Management & Technology"
2025,2084,"c18911b7-427d-4b41-8593-56ca706ed08c",105,"Economics"
2026,2085,"be07c324-9ca7-46d1-8b52-e5707f5a5f7b",105,"Sustainable Management & Technology"
2027,2086,"bb877b69-ee1c-4917-b14b-12b51b4fce5e",105,"AI in Society"
2028,2087,"34da265f-6164-42f6-8204-c6a1d04ff68d",105,"Robotics, Cognition, Intelligence"
2029,2088,"c497e833-66e6-4f94-bb3e-70fbba789e0f",105,"Medicine"
2030,2089,"91b020b8-cfbf-4625-a1dd-b2af61436596",105,"Computer Science"
2031,2090,"69b72a64-57b6-4ac5-8113-5d60dc1fb3c5",105,"Management & Innovation"
2032,2091,"ab245760-966d-4c66-be2c-54ded06adac5",105,"Bioeconomy"
2033,2092,"bac55f08-c5d0-444c-857e-765fdc74cb9a",105,"Data Engineering"
2034,2093,"9f354728-aedf-4559-b489-8fd7045c83cc",105,"Learning Sciences"
2035,2094,"d9b22f6a-7636-44ea-9f3f-507c8a215649",105,"Management & Technology"
2036,2095,"9dee213a-03f3-4b13-b4ef-18bca2713a2a",105,"Finance & Information Management"
2037,2097,"531b5305-6f61-4dee-8939-4674139df49c",106,"Industrial Computer Science and Robotics"
2038,2098,"82b78a7d-0755-4e68-a228-23881a7f155f",106,"Double Degree in Computer Science & Business Management"
2039,2099,"95c1445e-a87f-4baa-9d25-a9b6d8e5c35e",106,"Business Administration and Management"
2040,2100,"1af6744d-6a1e-4ea0-8938-8b93a39887e2",106,"Agrifood Economics"
2041,2101,"413e4e08-00cc-44df-9d90-6c6da72fe7ef",106,"Double Degree in Physics & Mathematics"
2042,2102,"4987c455-fa67-4c2a-bfeb-36beb1caa384",106,"Aerospace Engineering"
2043,2103,"a581060d-4c15-415b-a496-6be8ac2cecb4",106,"Aeronautical Engineering"
2044,2104,"9b9c2d14-c7e7-4674-8363-aa705d5a071c",106,"Informatics Engineering"
2045,2105,"4d710181-e714-4b0c-bdc8-80354b4d73aa",106,"Energy Technologies"
2046,2106,"fd2f4a82-b808-4ed2-b89b-9960637a59a2",106,"Multimedia Engineering"
2047,2107,"7e20f64a-b92a-496c-866f-9a27e4ef30e6",106,"Computer Engineering"
2048,2108,"db18b3a9-0fbf-4749-8250-7177c1285780",106,"Economics"
2049,2109,"ae6de93b-bda0-43ec-9b6b-6bed869b9bf0",106,"Double Degree in Business Management & Law"
2050,2111,"805dc85f-c3ef-4df6-8997-6ee0d15d4f32",107,"Electrical Engineering and Information Technology"
2051,2114,"c37a93f1-f90f-4069-a82d-8e9c1d15a8c1",107,"Human Computer Interaction"
2052,2115,"3f25e6a8-4998-4ca1-88f7-483e2732b4e3",107,"Data Science Elite Course"
2053,2116,"36a6d46f-30b4-4daf-b70d-f4f7251f96c6",107,"Management & Technology"
2054,2117,"95029281-b423-4ac7-b0a5-2351ae287157",107,"Business Administration"
2055,2118,"2f734fd0-f7b8-41f0-abc4-bdcb688b0767",107,"Politics & Technology"
2056,2119,"e85b6664-b9a7-4b12-8d39-f7969b62c076",107,"Management & Technology"
2057,2120,"99b5dabf-6509-457d-85ad-a8d569bab0a6",107,"Management & Technology"
2058,2121,"479d2708-61cb-465e-93e3-145fc8a26a56",107,"Management & Technology"
2059,2122,"9da4f765-59cc-4a8e-ac80-a9491c184243",107,"Consumer Science"
2060,2123,"bf5b9bbe-0a46-4cdf-9a7e-353037e70e50",107,"AI in Society"
2061,2124,"63e6acff-d74d-4051-a674-24598786eeb1",107,"Management and Digital Technology"
2062,2125,"759fe634-2c55-4c81-927c-f8b8ec75321d",107,"Finance and Information Management"
2063,2126,"85c84d7d-4fd2-45e5-b427-847e0879d5e1",107,"Philosophy"
2064,2127,"8a0a77fe-d17e-4e93-98c0-feaefea33391",107,"Sustainable Management and Technology"
2065,2128,"74116c8f-b636-43e7-9426-ef3537bdd00c",107,"Computer Science"
2066,2129,"30c4492a-17dc-4606-8876-e9f59fee0a36",107,"Business, Organizational and Applied Social Psychology"
2067,2130,"34d40567-dd97-455b-9ff0-b8746eafe581",107,"Mechatronics, Robotics and Biomechanical Engineering"
2069,2132,"1ce0c185-e738-4a12-8df5-3423f8bc6c83",107,"Sustainable Resource Management"
2070,2133,"7079ea52-c485-4e0a-adeb-eb88d8831a29",107,"Politics and Technology"
2071,2134,"8b2b601e-d5f4-48b4-a8a0-e78836ce1652",107,"Robotics, Cognition, Intelligence"
2072,2135,"a5a8fb74-65d3-48b6-83f7-4da1e2cfe9d7",107,"Statistics and Data Science"
2073,2136,"0ee26bf0-b52b-4d06-b5b4-a3d57dbb8425",107,"Business Administration"
2074,2137,"910408c1-2769-4f3c-b495-7614092d4b9b",107,"Architecture, Civil Engineering"
2075,2138,"1316d524-3a7a-4aff-b37c-5f00489f73dd",107,"Resource Efficient & Sustainable Building"
2076,2139,"993369f7-e8ff-4a15-a730-175024d78456",107,"Software Engineering"
2077,2143,"6b06c3a3-a966-4f6a-9926-ebe115f0e3b3",108,"International Business"
2078,2144,"c589e763-c8b7-4c78-9985-83344b168daa",108,"Computer Science"
2079,2145,"80cee13e-b73f-4743-a27e-cacebd2d1617",108,"Biotechnology"
2080,2146,"0dd4e30e-ede3-4269-a84d-504586ff3209",108,"Biotechnology"
2081,2147,"d5d2f8a7-9371-464d-ab63-12dad679dc0d",108,"Forest and Environmental Engineering"
2082,2148,"575c5a88-4b86-4a92-98c0-7aad0de4e8c9",108,"Business Process Planning and Management"
2083,2149,"2d00e2fa-3234-4987-84ac-ce7587d287db",108,"Biomedical Engineering"
2084,2150,"b037639a-5836-4df8-81a4-59d6cffc4014",108,"Mathematics"
2085,2151,"3bfb8174-7a51-47ec-8773-3878f29441ef",108,"Informatics Engineering"
2086,2152,"415a817e-3951-4184-ade2-9402a59155b6",108,"Industrial Engineering"
2087,2153,"8819c85d-d5a0-4175-8536-f09e5381e2e5",108,"Agronomy Engineering "
2088,2154,"3c0be09f-1971-4d63-aea5-069abcdf2ab2",108,"Economics"
2089,2155,"be547302-4669-46ce-9674-c0d4f6d40b08",108,"Data Science"
2090,2156,"02cc4a9c-7220-45cb-9dd7-b1eaa92933b0",108,"Physics + Mathematics"
2091,2157,"cae7ecef-2db9-404a-80e1-e9c54dee8465",108,"Industrial Engineering"
2092,2159,"9919a370-00c6-4a3f-904a-db21aa5b2b48",109,"Information Systems"
2093,2160,"753fe526-e998-4a4e-b2c9-5b20ef4c0d78",109,"Management & Computer Engineering"
2094,2161,"8af65458-3002-4a98-8142-7762eb14437d",109,"Business Informatics"
2095,2162,"bae38bbc-085a-4b53-8471-762c5f350f34",109,"AI in Society"
2096,2163,"16bd148a-741d-4fb1-826e-d06a9de3243e",109,"Statistics & Data Science"
2097,2164,"42e4c16e-b889-440c-9317-6bd26dbd90eb",109,"Management & Innovation"
2098,2165,"91d1fbeb-18e7-4725-8dc9-6c2baea89c9b",109,"Information Systems"
2099,2166,"ca057abe-7bb3-41e3-8619-64b20f3ec75f",109,"Electronic Engineering/Neuroengineering"
2100,2167,"c933976c-4183-4518-b0e3-42cb789d479a",109,"Management & Computer Science"
2101,2168,"618e8eb6-dac9-40a5-8eb5-f78be752d6e1",109,"Medicine"
2102,2169,"5e85c200-8a9d-4346-baf6-f4ce9b581a91",109,"Human Computer Interaction / Computer Science"
2103,2170,"28a7c8aa-7bc5-430b-a18e-b4c67bfea7cd",109,"Management & Computer Science"
2104,2171,"60c800a7-745e-491b-8934-31d7012874c5",109,"Business Informatics"
2105,2172,"2865e022-15e6-46cc-9461-5fb834092ee3",109,"Economics"
2106,2173,"f3734fe3-911b-4458-bf07-51b897446e29",109,"Computer Science & Piano"
2107,2174,"21a31d8b-608b-453f-8a4d-e6809a98dc5d",109,"Energy & Process Engineering"
2108,2175,"fbdb5a7b-3a52-41cc-b467-936fbd03ffbb",109,"Management & Computer Science"
2109,2176,"05ad0126-ebf9-44ea-b681-8e4b29080456",109,"Management & Sustainable Energies"
2110,2177,"736fc08d-00fb-4d87-844e-a2f92de18875",109,"Psychology"
2111,2178,"f0189477-e738-42e8-9928-d8a0c5d7098e",109,"Engineering Sciences"
2112,2179,"27229764-e623-4d33-bf79-945e6decb0d3",109,"Management & Computer Science"
2113,2180,"3f39695f-48bb-4527-b614-a64e1b8e9daf",109,"Management & Computer Science"
2115,2182,"f674e299-8533-4030-af9a-0d256582baa5",109,"Management & Computer Engineering"
2116,2183,"cc6a94b1-fd6a-4832-96f0-d5a719d7779c",109,"Computer Science & Statistics"
2117,2184,"51f4079e-7173-4d4e-9bcc-0ddc0baa2cde",109,"Mechatronics, Robotics and Biomechanical Engineering"
2118,2185,"f6951281-184a-4eff-a9cc-0008ebd701d5",109,"Computer Science"